alert_key,probability
352249,9.796862e-05
352253,0.0075651384
352254,5.1622566e-05
352280,6.033821e-05
352282,0.00014990443
352291,0.00017900765
352298,4.010884e-05
352301,0.0010466011
352302,0.00063388137
352305,6.2454e-05
352307,0.00022192512
352309,0.0017072976
352312,4.8156344e-05
352316,0.00072219706
352320,1.0266263e-05
352329,0.00015054214
352330,0.00010993746
352331,0.00028826657
352332,0.0013922892
352337,0.0002923757
352342,0.0011293865
352343,0.00039119323
352344,0.00016042967
352465,2.8616314e-05
352470,2.4025205e-05
352472,1.6377377e-05
352476,0.0014002816
352480,2.3467219e-05
352484,0.015264189
352487,3.8742448e-05
352488,1.7831784e-05
352492,0.00070902484
352493,0.00029911203
352494,0.0023333405
352495,0.0001390675
352497,5.5283417e-05
352501,0.0016001544
352503,0.00090260484
352507,5.2710096e-05
352508,0.00040026542
352520,9.9863544e-05
352522,0.00011246207
352557,3.0782085e-05
352558,5.1969732e-06
352651,4.5170123e-06
352654,0.00013779936
352658,2.7202288e-05
352660,0.00017419252
352670,0.0012251957
352680,0.00019378106
352683,2.3323315e-05
352684,0.000110508176
352685,0.00081981963
352686,0.008058354
352691,0.000116899835
352692,0.009634626
352693,0.0037241192
352696,0.00029388402
352699,0.0006158891
352700,0.0010229256
352704,0.0029980352
352705,0.00016871211
352710,4.912024e-05
352715,0.00041995346
352816,0.00016594272
352819,0.00012911666
352857,0.0005279304
352858,0.00063651055
352859,0.012716259
352865,2.586896e-05
352866,0.000489602
352870,0.000759574
352871,7.853976e-05
352872,0.00012461474
352874,3.4984732e-05
352876,0.003863371
352877,0.00080235465
352880,0.00023625766
352886,0.010979292
352888,5.388473e-05
353030,0.0006326395
353032,6.033821e-05
353033,4.081366e-05
353041,4.010884e-05
353043,0.00063388137
353045,0.00013468637
353047,6.2454e-05
353051,0.0028440603
353054,1.922759e-05
353056,2.8225462e-05
353059,0.0012483876
353065,0.0039230846
353072,0.00015054214
353074,8.5311265e-05
353075,7.003881e-05
353077,0.0013922892
353080,8.5435255e-05
353083,0.00039119323
353084,0.00019378106
353166,5.848604e-05
353172,0.0003597013
353178,0.00029549276
353198,0.00014121152
353200,0.00029069997
353201,0.0010357966
353205,0.00011803846
353209,0.00063651055
353213,0.014195383
353220,0.00011101218
353227,0.0010614985
353229,3.4984732e-05
353231,0.00011803846
353233,0.00080235465
353234,0.00031654674
353236,8.00309e-05
353241,0.00016871211
353243,0.00019378106
353247,5.388473e-05
353248,0.004312237
353359,6.1747036e-05
353366,2.8616314e-05
353376,0.000115222305
353383,0.00036783985
353385,9.408792e-05
353386,0.002089472
353388,0.0007592497
353394,3.8742448e-05
353396,1.7831784e-05
353399,0.0004306486
353403,0.00029911203
353404,3.364203e-05
353405,0.03290309
353407,5.5283417e-05
353413,0.0016001544
353415,0.0006200774
353416,2.26831e-05
353494,0.00029323413
353518,9.9863544e-05
353540,4.5170123e-06
353541,2.7256614e-05
353545,3.589767e-05
353549,7.7634584e-05
353550,0.00038962692
353556,0.0014663942
353558,6.39316e-05
353560,0.0015829456
353561,5.4629374e-05
353566,0.058578324
353568,0.0023379014
353569,6.281602e-05
353571,0.00021543383
353578,0.00029388402
353579,0.00033090805
353582,0.0010229256
353586,0.00016871211
353587,0.00011545832
353589,0.0012537738
353592,0.0002646087
353596,0.00041995346
353823,6.809162e-05
353825,7.3340394e-05
353831,0.0004442889
353833,7.946351e-05
353835,7.4093055e-05
353843,0.00063651055
353847,0.014195383
353848,0.001491471
353851,2.586896e-05
353855,0.00011101218
353857,0.002016506
353860,0.0008248181
353861,0.0001423341
353864,0.00029323413
353865,0.0010614985
353867,5.2710096e-05
353868,3.4984732e-05
353870,0.00011803846
353872,0.0082068555
353875,0.00080235465
353878,0.00029724857
353879,8.00309e-05
353885,0.00019378106
353888,0.010979292
353890,5.388473e-05
354007,0.00015874456
354013,2.8616314e-05
354014,0.00030359448
354015,5.4637244e-06
354022,0.00011657757
354024,2.970434e-05
354027,0.0016370144
354039,1.7831784e-05
354040,0.00032001134
354044,0.00070902484
354045,5.5283417e-05
354047,0.9955995
354048,0.0021230187
354049,0.00043492
354054,0.0016001544
354061,0.0010948719
354143,0.00029323413
354177,0.0075651384
354178,0.010388495
354211,6.033821e-05
354212,0.0010930691
354218,0.00019374503
354220,0.0037816686
354223,4.010884e-05
354226,0.000444414
354229,6.2454e-05
354234,0.0004407098
354235,0.00035552538
354238,0.0005102516
354239,1.922759e-05
354245,1.0266263e-05
354246,5.642035e-05
354254,0.00015054214
354256,0.0013922892
354258,0.0002923757
354260,0.0011293865
354261,0.00031862318
354262,0.002908246
354263,0.00016042967
354401,0.00013779936
354402,0.0005067772
354407,0.00030114103
354413,0.00046974514
354415,0.016427554
354417,0.0014663942
354421,0.00046573955
354423,0.024560701
354428,0.00027108224
354430,0.000110508176
354431,0.00081981963
354432,0.008058354
354435,0.00027303878
354440,0.0005661662
354442,0.00011918417
354443,0.00029388402
354446,0.0006553452
354447,0.0006158891
354448,0.0037380636
354449,0.0010229256
354452,0.0029980352
354453,2.5781383e-05
354459,0.0012537738
354465,0.00023650963
354468,0.00041995346
354470,0.00042455218
354471,4.7737158e-05
354565,0.00011725172
354569,0.0075651384
354573,0.088278584
354576,2.3154405e-06
354595,6.033821e-05
354596,4.081366e-05
354603,0.00019374503
354604,3.532427e-05
354606,1.4312109e-05
354607,0.00033579368
354609,0.0002618391
354612,4.010884e-05
354613,0.000444414
354616,0.00023635205
354618,0.00019188506
354619,6.2454e-05
354622,0.00022192512
354625,1.26221275e-05
354628,6.896178e-05
354629,0.00035552538
354630,3.327142e-05
354633,1.922759e-05
354642,1.0266263e-05
354643,0.003857593
354652,0.00015054214
354658,0.0013922892
354661,0.00012461474
354662,0.0002923757
354663,0.00080745324
354667,0.0052295313
354668,0.00031862318
354669,0.002908246
354670,0.00016042967
354672,0.0006502226
354673,0.00027303878
354675,0.00030072615
354679,2.2585471e-05
354756,0.0007121134
354759,0.00086660753
354778,6.809162e-05
354780,0.0009966447
354788,7.946351e-05
354790,2.8616314e-05
354792,0.00049551704
354795,0.0001541232
354796,0.00011803846
354798,7.464031e-05
354799,0.00063651055
354801,0.0005315355
354804,0.014195383
354807,0.0002645918
354810,0.05183896
354813,0.00011101218
354814,0.0008295603
354817,0.009634626
354818,0.024029085
354819,7.853976e-05
354820,0.00010529343
354821,0.0001423341
354824,0.00029323413
354826,0.0010614985
354828,5.2710096e-05
354831,0.00011803846
354834,0.00080235465
354836,0.00031654674
354837,0.0004108646
354842,8.00309e-05
354847,0.0005932183
354850,0.00019378106
354853,0.010979292
354854,8.927396e-05
354855,5.388473e-05
354911,0.00046785132
354928,2.8616314e-05
354930,0.00080719974
354935,2.4025205e-05
354938,0.00061612745
354939,0.00032262868
354942,0.00011657757
354943,0.0005102516
354944,2.970434e-05
354947,0.0016370144
354950,0.00019494283
354951,0.00058878184
354958,1.7831784e-05
354959,0.00032001134
354962,0.00038450098
354966,0.00070902484
354967,0.0024922714
354968,5.5283417e-05
354970,4.240637e-05
354971,0.00071720703
354973,0.0016001544
354978,0.0006200774
355090,0.00029323413
355091,0.00044347942
355123,9.429796e-06
355134,1.0168096e-05
355146,4.5170123e-06
355147,2.7256614e-05
355150,0.00013779936
355152,1.347503e-05
355155,1.2734207e-05
355156,0.0015254929
355166,0.0014663942
355168,2.5459023e-05
355171,0.00035564264
355178,0.000110508176
355179,0.00019378106
355181,0.00081981963
355182,0.00016274292
355183,6.8739006e-05
355188,0.000116899835
355193,0.00029388402
355196,0.0006158891
355197,0.00033416963
355198,0.0010229256
355201,0.0029980352
355202,0.00016871211
355203,2.5781383e-05
355204,0.00011545832
355212,4.912024e-05
355215,0.00023650963
355216,4.509041e-05
355221,0.00032569657
355222,0.00042455218
355347,0.0075651384
355361,0.0006326395
355362,6.033821e-05
355364,4.081366e-05
355373,4.010884e-05
355375,0.00027369324
355376,0.000444414
355378,0.00013468637
355379,0.00019188506
355380,6.2454e-05
355382,0.00054271857
355384,4.62274e-06
355386,1.26221275e-05
355388,6.896178e-05
355389,0.00035552538
355392,1.922759e-05
355395,0.00072219706
355397,0.00060345774
355402,1.0266263e-05
355403,0.0021762063
355404,0.00017476366
355411,0.020647844
355413,0.00015054214
355417,0.00015874456
355418,0.00010847251
355420,0.0013922892
355424,0.00080745324
355426,0.00067394256
355428,0.0052295313
355429,0.00016042967
355431,0.00030072615
355434,4.8343612e-05
355436,0.0002249395
355458,0.000254846
355501,0.00046010432
355519,0.00041900272
355521,2.8616314e-05
355522,9.1976086e-05
355523,0.0015631261
355525,2.4025205e-05
355527,0.00048177573
355532,2.970434e-05
355538,0.00036783985
355540,0.00019494283
355542,0.00058878184
355545,0.0010043345
355546,0.0012029301
355548,1.7831784e-05
355549,0.00032001134
355555,0.00070902484
355556,0.00029911203
355557,0.0023333405
355558,0.00028113954
355559,5.5283417e-05
355561,0.00043492
355563,0.0016001544
355565,0.00090260484
355566,0.0009403107
355567,0.0006200774
355570,0.00011246207
355633,0.00029323413
355667,8.874754e-05
355671,0.00013779936
355672,0.00029904814
355673,9.0778674e-05
355677,5.5082288e-05
355678,0.00038962692
355679,0.00030114103
355705,0.00050367875
355716,6.809162e-05
355724,0.00011237011
355725,0.00014121152
355729,2.8616314e-05
355731,7.4093055e-05
355734,0.00049551704
355737,8.2372564e-05
355740,0.0001541232
355741,0.00011803846
355745,0.0002308483
355748,0.00063651055
355751,0.00015329379
355753,9.415577e-05
355755,0.0011086399
355756,0.0002645918
355757,0.00010090818
355759,0.05183896
355761,0.0008295603
355762,1.8548795e-05
355769,0.00029323413
355770,0.0010614985
355772,5.2710096e-05
355773,3.4984732e-05
355775,0.010979292
355776,0.00030571886
355780,0.00046573955
355787,0.00010256046
355789,6.896178e-05
355791,2.3323315e-05
355792,0.000110508176
355793,0.000120076584
355794,0.00081981963
355795,0.0002981716
355800,0.000116899835
355801,0.00039119323
355806,0.00029388402
355808,0.0006158891
355810,0.0010229256
355812,0.00016871211
355813,2.5781383e-05
355814,0.00011545832
355815,0.00032083833
355816,0.002629072
355822,0.00023650963
355827,0.00042455218
355884,0.00017771564
355895,0.00011803846
355899,0.00080235465
355900,0.0016066565
355901,0.00031654674
355905,8.00309e-05
355909,9.364065e-05
355911,0.00019378106
355915,0.010979292
355916,8.927396e-05
355917,5.388473e-05
356014,0.0009667732
356016,0.00027303878
356017,0.007814724
356018,2.3154405e-06
356033,0.0006326395
356034,6.033821e-05
356037,4.081366e-05
356043,0.000444414
356044,0.00020575202
356045,6.2454e-05
356050,6.896178e-05
356052,0.0005321667
356054,1.922759e-05
356055,0.00072219706
356057,0.003857593
356058,0.00017476366
356065,0.00015054214
356068,0.0013922892
356070,0.00080745324
356075,4.8343612e-05
356119,0.0007121134
356120,2.0112002e-05
356140,0.00033921076
356156,4.5137047e-05
356165,0.0015631261
356173,0.0001681447
356179,1.7831784e-05
356180,0.00032001134
356182,0.00029911203
356183,0.3192304
356186,0.001226941
356187,0.0016001544
356188,0.00090260484
356189,0.0006200774
356195,0.0017717842
356214,7.4093055e-05
356216,0.00049551704
356220,0.0005471238
356221,0.00063651055
356225,0.0011086399
356228,0.0008234501
356229,0.000489602
356245,0.00076366554
356246,0.00029323413
356248,3.4984732e-05
356249,0.00033314788
356288,6.746693e-05
356300,0.00011803846
356303,0.00080235465
356304,0.0016066565
356305,0.00031654674
356306,0.00034815405
356307,8.00309e-05
356311,9.364065e-05
356313,0.00019378106
356314,0.010979292
356315,8.927396e-05
356316,5.388473e-05
356369,0.00065102
356372,0.00047605622
356384,5.0353512e-05
356386,0.0001681447
356387,0.00038962692
356388,0.0015254929
356390,0.00030114103
356395,0.003699554
356399,0.00046573955
356403,0.0010870824
356405,0.007873968
356407,4.1391882e-05
356408,0.000110508176
356409,0.000120076584
356410,0.0024833395
356411,0.0002981716
356413,0.00039119323
356418,0.00033416963
356420,7.78951e-05
356421,2.5781383e-05
356422,0.00011545832
356424,0.00032083833
356426,4.912024e-05
356429,0.00023650963
356484,8.577644e-06
356565,9.796862e-05
356569,0.0075651384
356588,3.2091797e-05
356589,4.081366e-05
356594,5.3662694e-05
356599,4.010884e-05
356600,0.000444414
356601,0.00019188506
356602,0.0001055209
356605,0.00087846164
356606,0.00035552538
356608,0.0001419749
356610,2.8225462e-05
356611,0.00052543654
356612,0.00072219706
356614,0.00075812446
356617,0.0021762063
356624,0.020647844
356628,0.009634626
356629,0.0011023502
356630,0.00015874456
356632,0.0013922892
356634,0.00080745324
356637,0.00012519167
356638,0.0052295313
356639,0.00016042967
356642,4.8343612e-05
356644,0.0002249395
356734,4.5137047e-05
356736,2.0763238e-05
356742,2.8616314e-05
356745,0.00080719974
356746,2.5459023e-05
356749,0.00011588785
356752,0.00022464737
356753,0.032147393
356756,0.00011657757
356757,2.970434e-05
356763,0.00082516036
356765,2.3467219e-05
356771,0.0033855268
356773,1.7831784e-05
356774,0.00032001134
356776,0.00070902484
356777,0.00029911203
356779,0.00028113954
356781,5.5283417e-05
356783,0.000119935255
356784,0.00043492
356787,0.0016001544
356789,3.997923e-05
356790,0.00090260484
356792,0.0009403107
356795,0.0017717842
356859,6.746693e-05
356884,2.0112002e-05
356890,1.7927698e-05
356911,6.809162e-05
356918,0.00010009607
356924,0.0009406665
356932,0.00063651055
356941,0.00011101218
356944,0.0019890082
356949,0.00029323413
356950,0.0005849629
356951,0.0010614985
356953,3.4984732e-05
356957,0.00080235465
356959,9.415577e-05
356960,0.004120942
356962,8.00309e-05
356966,0.00014227914
356968,2.384693e-05
356969,0.00019378106
357058,8.874754e-05
357064,0.000757451
357066,7.7634584e-05
357067,0.00038962692
357068,0.00033650032
357069,0.00030114103
357077,8.423419e-05
357079,0.0014816279
357081,6.5311055e-05
357084,0.007873968
357086,0.0011052517
357089,2.3323315e-05
357090,0.000110508176
357091,0.000120076584
357092,0.0002186678
357093,0.0024833395
357094,0.00081981963
357095,0.0002981716
357098,1.609998e-05
357100,0.000116899835
357101,0.00039119323
357103,0.00029388402
357106,0.0006553452
357107,0.0006158891
357108,0.0010229256
357109,0.00089629344
357112,0.00016871211
357115,0.00017744406
357116,0.00011545832
357119,0.002629072
357122,0.00023650963
357124,6.777451e-05
357128,0.00042455218
357209,9.796862e-05
357216,9.9863544e-05
357221,0.00052596827
357222,0.0075651384
357223,8.00309e-05
357233,0.00032073646
357237,2.1960106e-05
357259,0.00049312157
357261,6.033821e-05
357262,0.00014990443
357274,1.6377377e-05
357275,4.010884e-05
357278,0.000444414
357281,0.00072310783
357282,6.2454e-05
357285,0.00030379658
357286,0.00054271857
357287,0.0015137533
357288,0.00015663219
357290,0.00012754336
357291,0.0017072976
357292,2.9879751e-05
357294,9.201477e-05
357295,1.8778734e-05
357297,0.00072219706
357300,0.01270718
357302,1.0266263e-05
357303,0.003857593
357304,0.0039230846
357307,0.00012044388
357313,0.00015054214
357314,2.5145775e-05
357318,0.00027449237
357319,0.01008108
357320,0.00015874456
357321,0.00019378106
357322,0.00010847251
357324,0.0013922892
357327,0.00013503693
357341,0.0002923757
357347,0.00016042967
357441,4.5170123e-06
357442,2.7256614e-05
357445,0.00013779936
357447,8.057359e-05
357448,0.000757451
357455,7.7634584e-05
357456,0.00038962692
357457,0.0015254929
357458,1.3452061e-05
357466,0.000254846
357468,0.00032083833
357471,0.00015703641
357474,3.720061e-05
357475,5.3047454e-05
357478,0.0015829456
357482,0.012135218
357484,4.1391882e-05
357485,0.0017981438
357488,0.000110508176
357489,0.00019378106
357490,0.00081981963
357493,0.00027303878
357497,0.000116899835
357498,0.00039119323
357499,1.2094124e-05
357502,0.0037241192
357506,0.00029388402
357507,9.414697e-05
357509,0.0006158891
357510,0.0010229256
357513,0.00017744406
357519,0.00057872216
357521,0.0002646087
357525,0.00041995346
357526,0.00034247575
357527,0.00042455218
357567,0.000822335
357628,0.0012537738
357656,2.8616314e-05
357658,5.4637244e-06
357661,2.4025205e-05
357668,0.00017381192
357670,0.00011657757
357671,2.970434e-05
357676,8.863768e-05
357677,0.00038450098
357682,9.408792e-05
357688,0.00038962692
357692,0.00046950654
357693,3.8742448e-05
357695,1.7831784e-05
357699,0.00070902484
357700,0.00044347942
357701,0.00029911203
357702,5.5283417e-05
357705,0.0021230187
357706,0.00043492
357709,0.0016001544
357712,0.00038545445
357715,0.00016687397
357717,0.0006200774
357788,0.00029323413
357817,2.8762086e-05
357841,6.809162e-05
357848,4.5137047e-05
357849,0.00020327186
357850,2.2420145e-05
357852,2.8616314e-05
357856,4.822574e-06
357858,0.00015200477
357861,0.00083447574
357862,9.913732e-05
357863,0.00011803846
357866,0.00063651055
357869,1.5029765e-05
357870,0.00017343182
357871,0.014195383
357874,1.6377377e-05
357882,0.00085335504
357883,0.024029085
357885,0.00010529343
357887,0.0010614985
357888,0.00078652136
357889,3.4984732e-05
357892,0.00080235465
357893,0.00031654674
357897,3.6811045e-05
357902,0.00019378106
357904,0.00015192927
357905,0.010979292
357907,5.388473e-05
358001,9.796862e-05
358005,0.00027303878
358006,0.0075651384
358008,0.00014096923
358026,0.00019374503
358029,5.848604e-05
358030,0.00019188506
358033,0.00022192512
358034,0.00030379658
358036,0.0085828155
358037,0.00035552538
358040,0.0001419749
358044,0.0012728743
358046,0.00011879408
358048,0.003857593
358054,0.0010778917
358059,0.00015874456
358061,0.0013922892
358063,0.00080745324
358064,8.5435255e-05
358066,0.0052295313
358067,0.00016042967
358071,4.8343612e-05
358138,6.809162e-05
358144,2.8616314e-05
358157,0.00047418757
358167,0.00011803846
358172,0.0008234501
358178,0.000555297
358192,8.334791e-05
358193,2.8616314e-05
358195,9.1976086e-05
358197,5.4637244e-06
358199,2.4025205e-05
358206,1.3452061e-05
358207,8.863768e-05
358211,0.00036783985
358212,0.00082516036
358213,6.602941e-05
358214,2.5376754e-05
358216,0.00046950654
358220,0.00025946877
358222,1.7831784e-05
358223,0.00032001134
358227,0.00029911203
358228,0.006855341
358229,0.0018796703
358232,0.00028113954
358233,5.5283417e-05
358235,0.00057872216
358237,0.0016001544
358239,0.00039119323
358242,0.0017717842
358248,0.0012257986
358250,7.853976e-05
358252,0.00010529343
358253,0.0016024872
358254,9.878797e-05
358256,0.00026354368
358258,3.4984732e-05
358260,0.00011803846
358264,0.00080235465
358265,0.00034815405
358268,0.0090883
358269,2.4535851e-05
358273,8.00309e-05
358276,0.00013187752
358280,7.475884e-05
358281,0.00016871211
358282,0.00019378106
358298,0.010979292
358300,5.388473e-05
358331,5.315196e-05
358410,6.746693e-05
358421,8.874754e-05
358430,0.00038962692
358431,0.00033650032
358432,0.0015254929
358434,0.00030114103
358438,0.003699554
358442,8.423419e-05
358443,0.0014816279
358444,0.0005090672
358451,2.3323315e-05
358452,0.000110508176
358453,0.014304157
358454,0.000120076584
358455,0.0024833395
358456,0.000116899835
358457,0.00039119323
358458,0.004959169
358459,0.00029388402
358462,0.0006553452
358463,0.0006158891
358464,0.009409274
358466,0.00022314621
358467,0.0010229256
358470,0.00016871211
358471,0.0007637005
358472,0.00011545832
358479,0.00032569657
358480,0.010979292
358481,0.00042455218
358482,0.00019378106
358568,0.0075651384
358569,0.00014096923
358588,0.00024200729
358592,0.0004465654
358593,0.00010227703
358600,0.00025978487
358601,0.0015137533
358602,0.002544184
358604,0.00035552538
358605,0.0015113306
358610,0.0021762063
358616,0.0010936648
358620,0.00014210965
358621,0.00015874456
358622,0.0013922892
358624,0.0002923757
358625,0.00080745324
358626,0.00016042967
358693,0.000927708
358708,0.00011449987
358709,5.5082288e-05
358717,0.001008248
358721,0.008870437
358723,0.0008295603
358725,0.0012257986
358726,2.2586139e-05
358731,5.848604e-05
358733,0.00013279301
358734,9.415577e-05
358736,0.0007117558
358740,0.00014227914
358742,5.388473e-05
358769,0.061149154
358808,1.2983235e-05
358819,2.8616314e-05
358828,0.00021535333
358833,0.012669052
358834,5.0967246e-05
358835,0.00025946877
358836,1.7831784e-05
358837,0.00032001134
358841,0.0009079631
358842,0.00028113954
358844,0.0011660825
358846,0.0016001544
358847,0.0014583311
358849,0.0060114292
358850,0.0017717842
358911,6.746693e-05
358946,3.0782085e-05
358956,0.00013779936
358960,7.7634584e-05
358968,0.000526152
358970,0.00018166164
358974,2.3323315e-05
358975,0.000110508176
358977,0.0024833395
358980,0.00738475
358981,0.00029388402
358983,0.00022314621
358984,0.0010229256
358987,0.0091744065
358988,0.0007637005
358989,0.00011545832
358993,2.213791e-05
358996,0.00019569541
359084,0.0006495171
359110,2.4025205e-05
359113,1.0678408e-05
359116,0.00050367875
359121,0.000432217
359126,1.7831784e-05
359130,0.0067976406
359131,0.006855341
359132,5.6951452e-05
359134,0.00028113954
359135,5.5283417e-05
359141,0.0060114292
359142,0.0017717842
359143,0.00011246207
359201,6.746693e-05
359220,9.796862e-05
359222,0.0075651384
359223,0.00014096923
359227,7.772029e-05
359244,0.00018082539
359247,0.00026564888
359253,6.2454e-05
359255,0.00035552538
359260,0.0032538367
359263,4.2677006e-05
359268,0.0008569599
359269,0.00014210965
359270,0.001606258
359272,0.0013922892
359339,9.941489e-05
359340,2.0112002e-05
359361,0.0007467228
359362,0.00011449987
359365,2.3552395e-05
359369,0.014632815
359370,0.00018898657
359371,4.0937342e-05
359373,1.8589984e-05
359376,0.00012325181
359377,0.0011086399
359382,0.0008295603
359384,0.00016274292
359385,0.0012257986
359389,0.00080248615
359390,0.0010614985
359391,0.00080235465
359393,9.415577e-05
359398,5.388473e-05
359400,0.00086150464
359467,0.00013779936
359468,2.1242604e-05
359469,0.0015254929
359477,6.8628e-05
359481,0.000110508176
359483,0.0024833395
359487,1.609998e-05
359488,0.00738475
359491,0.00029388402
359494,0.00022314621
359495,0.0010229256
359498,0.00016871211
359499,0.0007637005
359500,0.00011545832
359506,0.0016879338
359507,0.00019569541
359536,2.0567857e-05
359603,9.796862e-05
359605,0.0009667732
359607,0.00027303878
359608,0.007814724
359610,2.3154405e-06
359625,0.0006326395
359626,6.033821e-05
359633,5.3662694e-05
359636,4.010884e-05
359638,0.000444414
359639,0.00020575202
359642,6.2454e-05
359647,6.896178e-05
359648,0.00035552538
359650,0.0005321667
359652,1.922759e-05
359653,0.00072219706
359654,0.00075812446
359656,0.0021762063
359657,0.003857593
359658,0.00034925443
359668,0.00015054214
359673,0.0052295313
359674,0.002908246
359675,0.00016042967
359680,4.8343612e-05
359681,0.0002249395
359731,0.0007121134
359732,2.0112002e-05
359737,0.00033921076
359759,7.4093055e-05
359762,0.00049551704
359767,0.0005471238
359768,0.00063651055
359771,0.0011086399
359774,0.0008234501
359775,0.000489602
359777,0.00011101218
359781,0.00010847251
359782,0.00029323413
359784,3.4984732e-05
359785,0.00033314788
359819,4.5137047e-05
359827,2.8616314e-05
359828,0.0015631261
359831,0.00011588785
359837,2.970434e-05
359841,0.0001681447
359848,1.7831784e-05
359849,0.00032001134
359851,0.00029911203
359852,0.3192304
359853,0.00028113954
359854,5.5283417e-05
359856,0.001226941
359857,0.0016001544
359858,0.00090260484
359860,0.0009403107
359863,0.0006200774
359925,6.746693e-05
359941,0.00011803846
359945,0.00080235465
359946,0.0016066565
359947,0.00031654674
359950,0.004091484
359954,9.364065e-05
359956,0.00019378106
359959,0.010979292
359960,8.927396e-05
359961,5.388473e-05
360011,0.00076366554
360015,0.00065102
360018,0.00047605622
360029,8.874754e-05
360034,9.0778674e-05
360037,5.0353512e-05
360039,0.0001681447
360040,0.00038962692
360041,0.0015254929
360043,0.00030114103
360046,0.00050367875
360049,0.003699554
360053,0.00046573955
360058,0.0010870824
360062,4.1391882e-05
360063,0.000110508176
360064,0.000120076584
360065,0.00081981963
360066,0.0002981716
360069,0.00039119323
360072,0.00029388402
360074,0.00033416963
360075,0.0010229256
360077,7.78951e-05
360078,2.5781383e-05
360079,0.00011545832
360081,0.00032083833
360082,0.002629072
360085,7.824888e-05
360088,0.00023650963
360090,7.162677e-05
360094,0.00034247575
360147,8.577644e-06
360225,0.00011725172
360226,9.796862e-05
360230,0.0075651384
360231,0.007814724
360232,0.0010778917
360233,0.013423455
360235,5.243061e-05
360249,6.033821e-05
360250,0.000141415
360251,9.8613375e-05
360254,9.058221e-05
360260,0.00012754336
360263,0.00035552538
360264,0.00424145
360269,0.0012728743
360271,0.00011879408
360273,4.2677006e-05
360278,0.0010778917
360279,8.863768e-05
360281,1.922759e-05
360282,7.9099715e-05
360286,0.00015874456
360287,0.0013922892
360288,0.00096248946
360290,0.00080745324
360292,0.00012278974
360293,0.0052295313
360294,0.00016042967
360386,3.497209e-05
360387,1.0678408e-05
360388,0.0023298918
360391,0.00050367875
360393,0.0006797146
360395,3.973461e-05
360396,0.0003954815
360400,0.006855341
360401,5.6951452e-05
360402,0.00028113954
360406,3.997923e-05
360409,0.0017717842
360468,6.746693e-05
360492,0.00036035688
360513,2.7256614e-05
360516,7.7634584e-05
360521,4.6866855e-05
360529,0.00022847204
360534,0.00012911666
360553,0.0007467228
360556,0.00074495265
360558,0.0070654745
360559,2.6267957e-05
360562,0.00018898657
360563,3.6611284e-05
360566,0.00012325181
360567,0.0011086399
360572,0.00011101218
360575,0.000757451
360576,8.423419e-05
360577,0.0014816279
360581,0.0012600513
360582,0.0010124539
360583,0.000110508176
360584,0.0024833395
360588,0.00738475
360589,0.0037241192
360590,0.004959169
360591,0.00029388402
360592,0.00058252295
360593,0.0006553452
360594,0.0006158891
360596,0.00033416963
360597,0.00022314621
360598,0.0010229256
360600,0.00016871211
360601,0.0007637005
360604,0.0009699423
360609,0.00042455218
360610,0.00019569541
360645,0.00011803846
360646,0.0012257986
360648,2.4457822e-05
360649,0.0010614985
360651,3.4984732e-05
360652,0.00011803846
360653,0.00080235465
360654,0.0090883
360655,2.32729e-05
360661,5.388473e-05
360730,0.061149154
360786,0.0007271681
360789,0.00035488908
360810,0.00051884964
360812,5.4637244e-06
360814,2.4025205e-05
360820,0.0005039366
360825,0.00050367875
360827,8.863768e-05
360833,6.602941e-05
360839,0.0026040608
360842,0.00029911203
360843,0.006855341
360846,0.00028113954
360847,5.5283417e-05
360849,0.00043492
360854,0.0017717842
360855,2.2183453e-05
360923,6.746693e-05
360951,9.796862e-05
360954,0.0075651384
360955,8.00309e-05
360976,2.4928642e-05
360979,0.00026564888
360985,8.2623206e-05
360989,8.936065e-06
360990,1.4301671e-05
360991,0.00035552538
360997,0.0012728743
360998,5.642035e-05
361000,0.0021762063
361001,0.003857593
361002,0.00034925443
361003,4.2677006e-05
361006,0.00039144314
361008,0.00016748003
361010,0.0010778917
361011,0.0007121134
361012,0.0023089503
361015,2.5145775e-05
361018,0.0013922892
361020,0.00080745324
361021,0.00076366554
361024,0.0052295313
361025,0.00016042967
361028,0.000735487
361114,0.0007467228
361117,0.00010009607
361118,8.124948e-05
361123,8.522914e-05
361124,3.6611284e-05
361128,0.00012325181
361129,0.0011086399
361133,0.000555297
361136,7.141105e-05
361137,0.0008295603
361140,0.0012257986
361141,0.0008248181
361143,7.853976e-05
361144,0.00011803846
361145,6.777451e-05
361146,0.0010614985
361147,3.4984732e-05
361150,0.00011803846
361152,8.00309e-05
361158,0.0001564441
361160,0.010979292
361162,5.388473e-05
361166,0.48205343
361234,0.00041728033
361261,3.108184e-05
361262,7.7634584e-05
361263,0.0015254929
361266,0.00013816671
361269,8.423419e-05
361270,0.00049075537
361273,0.0019994627
361277,0.0023379014
361278,0.000110508176
361280,0.0024833395
361282,0.00012278974
361284,0.0004189552
361285,1.609998e-05
361286,1.2094124e-05
361287,0.00738475
361290,0.0037241192
361291,0.004959169
361292,0.00029388402
361294,0.0006553452
361295,0.017317208
361296,0.009409274
361298,0.00022314621
361299,0.0010229256
361302,0.00016871211
361303,0.0007637005
361306,0.00011918417
361308,0.0009699423
361312,1.9941472e-05
361313,0.0010480663
361314,0.00019569541
361408,9.796862e-05
361431,0.0013926816
361432,0.0005102516
361433,0.000353745
361436,6.7152023e-06
361437,0.00035552538
361442,0.0012728743
361445,0.07972355
361446,0.00034925443
361450,4.2677006e-05
361456,0.0013922892
361459,0.0002923757
361460,0.00080745324
361463,0.00045791615
361545,2.3552395e-05
361547,8.124948e-05
361550,3.9489737e-06
361551,0.00018898657
361552,3.6611284e-05
361556,9.415577e-05
361559,0.0011086399
361565,0.00011101218
361566,0.0008295603
361569,0.0012257986
361570,0.0008248181
361574,0.00011803846
361575,0.0010614985
361576,0.0009079631
361577,3.4984732e-05
361580,0.00011803846
361581,0.00080235465
361589,0.00014227914
361592,0.010979292
361594,5.388473e-05
361617,0.0004745158
361685,5.4637244e-06
361689,0.00034526223
361690,0.00019131489
361692,2.970434e-05
361698,0.03290309
361705,0.00090816984
361706,4.781192e-05
361707,8.927396e-05
361709,0.0075005144
361710,0.00012278974
361711,0.00028113954
361715,0.0031933542
361718,3.997923e-05
361720,0.0017717842
361721,0.00017655396
361778,6.746693e-05
361822,2.2266515e-05
361826,0.00016649062
361827,7.7634584e-05
361828,7.342808e-05
361835,0.0014816279
361836,0.00013955035
361837,0.0002694717
361839,0.00015536278
361843,0.00041925441
361845,0.0023379014
361847,0.000110508176
361848,5.0353512e-05
361849,0.0024833395
361851,0.00027303878
361854,1.2094124e-05
361855,0.00738475
361856,0.004959169
361857,0.00029388402
361859,0.07453806
361860,0.00022314621
361861,0.0010229256
361863,0.00016871211
361864,0.0050768517
361865,0.00017327562
361866,0.00017744406
361867,0.0007637005
361976,0.00035564264
361986,1.0678408e-05
361989,0.0077624344
361996,0.00029153816
361998,0.006855341
361999,0.0085828155
362002,0.00028113954
362003,5.5283417e-05
362005,4.240637e-05
362015,0.0017717842
362074,6.746693e-05
362101,9.941489e-05
362125,2.3552395e-05
362127,8.124948e-05
362131,6.300217e-05
362132,3.6611284e-05
362136,0.0011086399
362142,0.000489602
362144,0.0008295603
362147,0.0008248181
362149,7.853976e-05
362151,0.00010529343
362152,0.00011803846
362153,0.0010614985
362154,3.4984732e-05
362155,0.0007967269
362171,9.796862e-05
362174,6.6717253e-06
362175,0.00017824257
362176,0.0075651384
362203,0.00018082539
362207,0.00019374503
362208,0.00026564888
362214,0.00023004081
362219,6.7152023e-06
362220,0.00035552538
362223,0.0012728743
362225,0.0021762063
362226,0.003857593
362227,4.2677006e-05
362230,0.00011803846
362233,0.00080235465
362241,0.00021364419
362242,0.00014227914
362243,0.0013140967
362245,0.010979292
362246,0.001856975
362247,5.388473e-05
362273,0.0013922892
362284,0.00080745324
362285,0.016110552
362287,8.5435255e-05
362296,0.0052295313
362298,0.00016042967
362301,0.00045791615
362449,0.0012056476
362450,7.7634584e-05
362451,0.01907295
362458,0.00034526223
362461,0.00013955035
362463,0.00038962692
362468,7.342808e-05
362469,0.00092714553
362470,0.000110508176
362472,5.0353512e-05
362473,0.0024833395
362477,0.00738475
362478,0.0037241192
362479,0.004959169
362480,0.00029388402
362481,0.0006553452
362483,0.0010229256
362486,0.00016871211
362488,0.0007637005
362490,0.00030268266
362586,1.6810658e-05
362701,0.00010484518
362715,9.635118e-05
362717,0.00035310973
362723,0.3192304
362724,8.927396e-05
362725,0.00028113954
362727,5.5283417e-05
362733,4.509041e-05
362734,0.0017717842
362735,0.0069828974
362736,0.00017655396
362800,6.746693e-05
362823,0.00019378106
362824,2.8762086e-05
362848,2.3552395e-05
362850,0.00010009607
362851,0.0023359638
362853,8.124948e-05
362855,6.7089306e-05
362858,3.6611284e-05
362859,0.00034247575
362860,3.3494613e-05
362864,0.0011086399
362866,0.00011101218
362869,0.0008248181
362871,0.00011803846
362872,3.4984732e-05
362890,0.00015043854
362891,9.796862e-05
362895,0.00014096923
362914,0.00017743796
362916,2.6535572e-05
362918,0.00026564888
362925,6.896178e-05
362926,0.00035552538
362928,1.922759e-05
362929,0.03579251
362930,7.9061334e-05
362934,0.0003980736
362941,2.2920467e-05
362947,0.0001802525
362952,0.00080745324
362953,8.5435255e-05
362955,0.0052295313
363020,0.00011803846
363023,0.000168596
363032,0.0005537642
363033,0.00076366554
363034,0.0010043345
363036,0.001856975
363038,0.00013899179
363039,5.388473e-05
363040,0.004312237
363102,0.00041728033
363121,4.5170123e-06
363123,0.00013779936
363124,9.0778674e-05
363128,3.8568563e-05
363129,0.002095459
363130,0.01907295
363131,0.00089638657
363136,0.00013955035
363137,9.710429e-05
363138,5.672467e-05
363143,5.9794e-05
363145,0.000110508176
363146,0.0029492446
363147,0.0024833395
363149,0.00027303878
363152,0.00738475
363153,0.00029388402
363154,0.013423455
363155,0.0010229256
363157,0.00016871211
363158,0.0050768517
363160,0.0007637005
363161,0.00011545832
363167,2.9718169e-05
363168,0.013423455
363261,9.941489e-05
363276,9.796862e-05
363282,4.7698384e-05
363284,0.00027303878
363288,2.3154405e-06
363289,0.0010870824
363304,8.863768e-05
363307,0.00019374503
363315,5.0353512e-05
363317,3.6900215e-05
363319,0.00087846164
363320,0.00032694405
363322,0.0001419749
363328,0.0021762063
363336,0.0011023502
363337,0.00029153816
363338,0.00015874456
363339,0.0013922892
363341,0.0002923757
363345,0.0052295313
363346,0.00017879289
363439,6.6968023e-06
363441,0.0001541232
363442,0.00063651055
363446,0.0010615335
363453,0.00011101218
363455,0.0012257986
363459,0.0010614985
363465,0.00080235465
363467,9.415577e-05
363472,8.00309e-05
363476,0.00014227914
363477,2.0381485e-05
363478,0.00015192927
363479,0.004312237
363480,0.00028826657
363569,2.8616314e-05
363571,0.0015631261
363580,0.00036783985
363583,1.7831784e-05
363584,0.00032001134
363588,5.5283417e-05
363590,9.11994e-05
363682,8.874754e-05
363684,2.7256614e-05
363695,7.7634584e-05
363696,0.00033650032
363697,0.0015254929
363712,6.746693e-05
363730,0.00050367875
363738,0.000102976745
363740,0.0014816279
363746,0.0001818195
363751,2.3323315e-05
363752,0.000110508176
363753,0.014304157
363754,0.000120076584
363755,0.0024833395
363756,0.00081981963
363757,0.0002981716
363759,0.00027303878
363763,0.000116899835
363764,0.004959169
363767,0.0006158891
363770,0.00033416963
363771,0.0010229256
363773,0.00016871211
363774,8.9294226e-05
363776,3.189522e-05
363780,0.0012537738
363788,1.9941472e-05
363862,4.7073343e-05
363863,9.796862e-05
363866,0.00014096923
363868,2.3154405e-06
363886,0.00071046175
363895,0.00035552538
363896,0.00032694405
363898,0.00017824257
363900,0.0012728743
363902,0.00075812446
363905,0.0021762063
363906,0.00019770577
363909,0.0010778917
363914,0.0013922892
363916,0.00080745324
363918,0.00016042967
363923,4.8343612e-05
364006,2.8616314e-05
364008,0.0015631261
364011,0.00050367875
364012,2.970434e-05
364015,0.00038450098
364020,0.012669052
364022,1.7831784e-05
364023,0.00032001134
364030,0.00029911203
364031,0.00014226545
364032,0.006855341
364033,0.0018796703
364035,0.00028113954
364036,5.5283417e-05
364038,0.0012817071
364041,0.0011660825
364044,0.0016001544
364045,3.997923e-05
364047,0.0017717842
364048,0.14351068
364109,6.746693e-05
364135,0.0014777277
364148,6.809162e-05
364150,0.0007467228
364163,0.0001541232
364165,0.00024220976
364167,0.0008234501
364169,0.0010615335
364172,0.017950231
364176,0.00011101218
364179,0.0012257986
364182,0.00029323413
364184,0.0010614985
364186,0.00078652136
364189,0.00011803846
364190,0.00080235465
364191,0.00034815405
364193,0.0090883
364194,0.0004108646
364195,2.4535851e-05
364196,8.00309e-05
364200,0.00019378106
364201,0.010979292
364203,5.388473e-05
364223,0.0004745158
364251,5.0353075e-05
364252,3.364203e-05
364253,5.315196e-05
364261,3.0782085e-05
364278,0.0004189552
364286,0.003699554
364289,0.0004074162
364293,0.0005090672
364295,0.0002694717
364299,0.00093555026
364302,6.39316e-05
364303,2.3323315e-05
364304,0.000120076584
364305,0.0024833395
364307,1.609998e-05
364309,0.000116899835
364311,8.088267e-05
364312,5.048925e-05
364314,0.004959169
364315,0.00029388402
364316,0.00033090805
364318,0.0006553452
364319,0.0006158891
364320,0.00022314621
364321,0.0010229256
364323,0.00016871211
364332,0.010979292
364333,0.00042455218
364447,0.0023359638
364452,8.124948e-05
364454,6.7089306e-05
364455,0.0001541232
364458,3.6611284e-05
364460,0.0010615335
364462,0.0011086399
364464,1.0678408e-05
364467,0.018941522
364468,0.0006126267
364470,0.0008248181
364472,7.853976e-05
364475,0.00011803846
364478,0.00078652136
364479,6.9941096e-05
364480,3.4984732e-05
364484,0.00011803846
364485,0.0011023391
364488,0.00080235465
364493,0.0010043345
364495,0.001856975
364496,5.388473e-05
364592,4.5170123e-06
364597,0.00013779936
364599,9.0778674e-05
364601,0.0003377335
364603,0.002095459
364610,0.00032083833
364612,0.0023349137
364624,0.0005067772
364626,0.00013955035
364628,0.00036248172
364631,5.9794e-05
364633,7.342808e-05
364639,0.00015043854
364640,9.796862e-05
364643,0.0075651384
364666,0.00093555026
364667,0.0006531775
364669,0.000110508176
364670,6.033821e-05
364672,0.00018082539
364673,0.0004704884
364675,0.0024833395
364678,0.00026564888
364686,5.048925e-05
364687,0.004959169
364689,0.00029388402
364692,7.505715e-05
364693,0.0006553452
364694,6.2454e-05
364695,0.009634626
364698,0.0010229256
364699,0.0013073755
364702,0.00016871211
364703,0.0091744065
364705,0.0007637005
364706,0.00011545832
364709,2.3324983e-05
364715,0.00035552538
364717,1.922759e-05
364718,0.03579251
364721,7.9061334e-05
364722,2.384693e-05
364724,0.0012728743
364728,0.0003980736
364729,5.0353512e-05
364734,1.9941472e-05
364735,4.2677006e-05
364739,0.0001891261
364743,0.0020097797
364748,0.0013922892
364751,0.0001802525
364753,3.5409936e-05
364767,0.0002923757
364770,0.00080745324
364775,6.83452e-05
364776,0.0012879414
364778,0.0052295313
364779,0.00016042967
364780,0.0030618487
364788,0.00014729098
364898,0.00022923925
364926,0.00052543654
364961,0.00014121152
364963,0.00018741818
364964,0.00042992632
364976,0.00028640672
364977,3.0619653e-05
364978,1.5187158e-05
364983,0.031546764
364986,0.0001891261
364993,0.00017614955
364994,0.3192304
364995,0.006855341
364996,8.927396e-05
364999,5.5283417e-05
365001,0.00057872216
365004,0.00043492
365008,4.509041e-05
365009,0.0017717842
365073,6.746693e-05
