alert_key,probability
352660,1.19E-08
355386,1.46E-07
354625,1.46E-07
363916,1.75E-07
354663,1.75E-07
358063,1.75E-07
364770,1.75E-07
361020,1.75E-07
355424,1.75E-07
362952,1.75E-07
360290,1.75E-07
356634,1.75E-07
362284,1.75E-07
361460,1.75E-07
356070,1.75E-07
358625,1.75E-07
357695,1.82E-07
353396,1.82E-07
358222,1.82E-07
356773,1.82E-07
355548,1.82E-07
359848,1.82E-07
359126,1.82E-07
356179,1.82E-07
352488,1.82E-07
354039,1.82E-07
358836,1.82E-07
364022,1.82E-07
354958,1.82E-07
363583,1.82E-07
360976,2.95E-07
357292,3.16E-07
357850,3.39E-07
354246,4.18E-07
364289,4.35E-07
354417,4.49E-07
353556,4.49E-07
355166,4.49E-07
356395,4.69E-07
360049,4.69E-07
352495,6.66E-07
355197,7.77E-07
360596,7.77E-07
356418,7.77E-07
363770,7.77E-07
360074,7.77E-07
352558,8.29E-07
364485,1.02E-06
354962,1.02E-06
354261,1.06E-06
354668,1.06E-06
361286,1.16E-06
361854,1.16E-06
357499,1.16E-06
356789,1.23E-06
364045,1.23E-06
360406,1.23E-06
361718,1.23E-06
353561,1.25E-06
354415,1.38E-06
356484,1.42E-06
360147,1.42E-06
364709,1.44E-06
355134,1.59E-06
357471,1.62E-06
357081,1.72E-06
356605,1.74E-06
363319,1.74E-06
357259,2.07E-06
361266,2.14E-06
354837,2.26E-06
364194,2.26E-06
363477,2.37E-06
364963,2.40E-06
355431,2.53E-06
354675,2.53E-06
364675,2.61E-06
359483,2.61E-06
356410,2.61E-06
358455,2.61E-06
361280,2.61E-06
358977,2.61E-06
360584,2.61E-06
363755,2.61E-06
357093,2.61E-06
361849,2.61E-06
362473,2.61E-06
364305,2.61E-06
363147,2.61E-06
356017,2.90E-06
360231,2.90E-06
359608,2.90E-06
354928,2.90E-06
356742,2.90E-06
363569,2.90E-06
357656,2.90E-06
358819,2.90E-06
354013,2.90E-06
355521,2.90E-06
353366,2.90E-06
352465,2.90E-06
364006,2.90E-06
358193,2.90E-06
359827,2.90E-06
355813,3.00E-06
360078,3.00E-06
354453,3.00E-06
355203,3.00E-06
356421,3.00E-06
364961,3.16E-06
357671,3.16E-06
359837,3.16E-06
354944,3.16E-06
361692,3.16E-06
354024,3.16E-06
364012,3.16E-06
356757,3.16E-06
355532,3.16E-06
355204,3.25E-06
360079,3.25E-06
358472,3.25E-06
359500,3.25E-06
357116,3.25E-06
364706,3.25E-06
355814,3.25E-06
358989,3.25E-06
356422,3.25E-06
353587,3.25E-06
363161,3.25E-06
363774,3.55E-06
354612,3.55E-06
352298,3.55E-06
354223,3.55E-06
359636,3.55E-06
356599,3.55E-06
353041,3.55E-06
355373,3.55E-06
357275,3.55E-06
363738,3.79E-06
358172,3.81E-06
364167,3.81E-06
355168,3.92E-06
353589,4.40E-06
363780,4.40E-06
354459,4.40E-06
364190,4.43E-06
356303,4.43E-06
358264,4.43E-06
364488,4.43E-06
353233,4.43E-06
357892,4.43E-06
354834,4.43E-06
359945,4.43E-06
361581,4.43E-06
353875,4.43E-06
362233,4.43E-06
355899,4.43E-06
360653,4.43E-06
352877,4.43E-06
356957,4.43E-06
363465,4.43E-06
359391,4.43E-06
360576,4.46E-06
358442,4.46E-06
357077,4.46E-06
361269,4.46E-06
355426,4.69E-06
355725,4.81E-06
353198,4.81E-06
358250,4.85E-06
361143,4.85E-06
354819,4.85E-06
352871,4.85E-06
362149,4.85E-06
364472,4.85E-06
359269,4.97E-06
358620,4.97E-06
364686,5.19E-06
364312,5.19E-06
364479,5.23E-06
364468,5.24E-06
362914,5.44E-06
357817,5.54E-06
362824,5.54E-06
352291,5.71E-06
363459,5.91E-06
356951,5.91E-06
364184,5.91E-06
362153,5.91E-06
360649,5.91E-06
353865,5.91E-06
359390,5.91E-06
361146,5.91E-06
354826,5.91E-06
353227,5.91E-06
357887,5.91E-06
361575,5.91E-06
355770,5.91E-06
357849,6.09E-06
357897,6.22E-06
360786,6.41E-06
361976,6.81E-06
354942,7.02E-06
354022,7.02E-06
357670,7.02E-06
356756,7.02E-06
357288,7.04E-06
362458,7.14E-06
353851,7.16E-06
352865,7.16E-06
357856,7.19E-06
363590,7.41E-06
362463,7.43E-06
354607,7.46E-06
360250,7.54E-06
364195,7.56E-06
358269,7.56E-06
359400,8.20E-06
363289,8.59E-06
358717,9.04E-06
354642,9.20E-06
354245,9.20E-06
357302,9.20E-06
355402,9.20E-06
352320,9.20E-06
357668,9.33E-06
357115,9.37E-06
361866,9.37E-06
357513,9.37E-06
361826,9.77E-06
361690,1.02E-05
359961,1.06E-05
356316,1.06E-05
362247,1.06E-05
358300,1.06E-05
353890,1.06E-05
359398,1.06E-05
361594,1.06E-05
361162,1.06E-05
364496,1.06E-05
363039,1.06E-05
352888,1.06E-05
360661,1.06E-05
354855,1.06E-05
357907,1.06E-05
355917,1.06E-05
364203,1.06E-05
358742,1.06E-05
353247,1.06E-05
352343,1.07E-05
353083,1.07E-05
363261,1.08E-05
359339,1.08E-05
362101,1.08E-05
353172,1.13E-05
361431,1.14E-05
352658,1.16E-05
354595,1.17E-05
354211,1.17E-05
353032,1.17E-05
355362,1.17E-05
357261,1.17E-05
356034,1.17E-05
364670,1.17E-05
360249,1.17E-05
352280,1.17E-05
359626,1.17E-05
355672,1.22E-05
356784,1.23E-05
354049,1.23E-05
357706,1.23E-05
355561,1.23E-05
365004,1.23E-05
360849,1.23E-05
361021,1.24E-05
355751,1.27E-05
356140,1.31E-05
359737,1.31E-05
354413,1.37E-05
363776,1.40E-05
362853,1.41E-05
361118,1.41E-05
364452,1.41E-05
361547,1.41E-05
362127,1.41E-05
356037,1.48E-05
353033,1.48E-05
356589,1.48E-05
355364,1.48E-05
354596,1.48E-05
357677,1.49E-05
364015,1.49E-05
363158,1.49E-05
361864,1.49E-05
355546,1.52E-05
363154,1.54E-05
357092,1.55E-05
363746,1.61E-05
360604,1.65E-05
361308,1.65E-05
364020,1.65E-05
358833,1.65E-05
360645,1.67E-05
363137,1.68E-05
358036,1.70E-05
358254,1.71E-05
357466,1.73E-05
357848,1.73E-05
359648,1.73E-05
359255,1.73E-05
363895,1.73E-05
358604,1.73E-05
358037,1.73E-05
360263,1.73E-05
354629,1.73E-05
355389,1.73E-05
364715,1.73E-05
360991,1.73E-05
361437,1.73E-05
362220,1.73E-05
362926,1.73E-05
356606,1.73E-05
354235,1.73E-05
354853,1.80E-05
353888,1.80E-05
357905,1.80E-05
364201,1.80E-05
356314,1.80E-05
361160,1.80E-05
361592,1.80E-05
359959,1.80E-05
358298,1.80E-05
355915,1.80E-05
352886,1.80E-05
362245,1.80E-05
353056,1.84E-05
356610,1.84E-05
360282,1.84E-05
355737,1.90E-05
355212,1.90E-05
356426,1.90E-05
352710,1.90E-05
358195,1.90E-05
355522,1.90E-05
363478,1.91E-05
357904,1.91E-05
354471,1.95E-05
363102,2.01E-05
361234,2.01E-05
356629,2.02E-05
363336,2.02E-05
353568,2.02E-05
361845,2.02E-05
361277,2.02E-05
364278,2.05E-05
359610,2.08E-05
356018,2.08E-05
363868,2.08E-05
363288,2.08E-05
354576,2.08E-05
356407,2.16E-05
360062,2.16E-05
357484,2.16E-05
362736,2.16E-05
361721,2.16E-05
355202,2.23E-05
359498,2.23E-05
358470,2.23E-05
353586,2.23E-05
364702,2.23E-05
361302,2.23E-05
352705,2.23E-05
364323,2.23E-05
363157,2.23E-05
360600,2.23E-05
355812,2.23E-05
363773,2.23E-05
361863,2.23E-05
362486,2.23E-05
357112,2.23E-05
353868,2.24E-05
360651,2.24E-05
358258,2.24E-05
362154,2.24E-05
356248,2.24E-05
361577,2.24E-05
355773,2.24E-05
361147,2.24E-05
357889,2.24E-05
359784,2.24E-05
353229,2.24E-05
352874,2.24E-05
364480,2.24E-05
362872,2.24E-05
356953,2.24E-05
358726,2.25E-05
361015,2.25E-05
357314,2.25E-05
357712,2.32E-05
358227,2.32E-05
360842,2.32E-05
357701,2.32E-05
355556,2.32E-05
359851,2.32E-05
364030,2.32E-05
352493,2.32E-05
356182,2.32E-05
353403,2.32E-05
356777,2.32E-05
357290,2.33E-05
355378,2.38E-05
353045,2.38E-05
360388,2.39E-05
353878,2.43E-05
356763,2.46E-05
358212,2.46E-05
358235,2.55E-05
365001,2.55E-05
358276,2.66E-05
357291,2.67E-05
352309,2.67E-05
354662,2.67E-05
357341,2.67E-05
352337,2.67E-05
354258,2.67E-05
363341,2.67E-05
364767,2.67E-05
361459,2.67E-05
358624,2.67E-05
364666,2.68E-05
364299,2.68E-05
364977,2.69E-05
364186,2.69E-05
357888,2.69E-05
364478,2.69E-05
361848,2.74E-05
362472,2.74E-05
355436,2.79E-05
356644,2.79E-05
359681,2.79E-05
363906,2.86E-05
355545,2.97E-05
360575,3.02E-05
358569,3.03E-05
352254,3.03E-05
358008,3.03E-05
354759,3.03E-05
353825,3.03E-05
355382,3.03E-05
359223,3.03E-05
363866,3.03E-05
357286,3.03E-05
362895,3.03E-05
361715,3.04E-05
359856,3.09E-05
356186,3.09E-05
358946,3.11E-05
364261,3.11E-05
352557,3.11E-05
362953,3.18E-05
358064,3.18E-05
362287,3.18E-05
353080,3.18E-05
361284,3.18E-05
360081,3.27E-05
355815,3.27E-05
356424,3.27E-05
359863,3.27E-05
353415,3.27E-05
357717,3.27E-05
354978,3.27E-05
356189,3.27E-05
355567,3.27E-05
352857,3.29E-05
358431,3.29E-05
363696,3.29E-05
357068,3.29E-05
357661,3.43E-05
358199,3.43E-05
355525,3.43E-05
360814,3.43E-05
359110,3.43E-05
354935,3.43E-05
352470,3.43E-05
357507,3.43E-05
361298,3.45E-05
361860,3.45E-05
358983,3.45E-05
360597,3.45E-05
358466,3.45E-05
359494,3.45E-05
364320,3.45E-05
354661,3.50E-05
364753,3.53E-05
354831,3.59E-05
360652,3.59E-05
356300,3.59E-05
359941,3.59E-05
364189,3.59E-05
361580,3.59E-05
364484,3.59E-05
353870,3.59E-05
353231,3.59E-05
363020,3.59E-05
355895,3.59E-05
362230,3.59E-05
358260,3.59E-05
361150,3.59E-05
360833,3.65E-05
358213,3.65E-05
355570,3.67E-05
359143,3.67E-05
352522,3.67E-05
359499,3.71E-05
361303,3.71E-05
364705,3.71E-05
358471,3.71E-05
361867,3.71E-05
362488,3.71E-05
360601,3.71E-05
358988,3.71E-05
363160,3.71E-05
364667,3.73E-05
358046,3.75E-05
360271,3.75E-05
352651,3.77E-05
353540,3.77E-05
364592,3.77E-05
355146,3.77E-05
357441,3.77E-05
363121,3.77E-05
358138,3.77E-05
364148,3.77E-05
357841,3.77E-05
353823,3.77E-05
355716,3.77E-05
354778,3.77E-05
356911,3.77E-05
353051,3.81E-05
361313,3.84E-05
360648,3.86E-05
360401,3.91E-05
359132,3.91E-05
356752,3.92E-05
362823,4.01E-05
355816,4.17E-05
360391,4.17E-05
364011,4.17E-05
357119,4.17E-05
360082,4.17E-05
359116,4.17E-05
360825,4.17E-05
362930,4.18E-05
364721,4.18E-05
360292,4.18E-05
356045,4.27E-05
359642,4.27E-05
353047,4.27E-05
355380,4.27E-05
354619,4.27E-05
364694,4.27E-05
354229,4.27E-05
352305,4.27E-05
357282,4.27E-05
359253,4.27E-05
353205,4.29E-05
358167,4.29E-05
355741,4.29E-05
354796,4.29E-05
357863,4.29E-05
362298,4.36E-05
354263,4.36E-05
363918,4.36E-05
355429,4.36E-05
354670,4.36E-05
358626,4.36E-05
361025,4.36E-05
359675,4.36E-05
364779,4.36E-05
356639,4.36E-05
352344,4.36E-05
357347,4.36E-05
360294,4.36E-05
358067,4.36E-05
363442,4.38E-05
357866,4.38E-05
352858,4.38E-05
353209,4.38E-05
359768,4.38E-05
353843,4.38E-05
354799,4.38E-05
356221,4.38E-05
356932,4.38E-05
355748,4.38E-05
358847,4.45E-05
360251,4.56E-05
356052,4.56E-05
359650,4.56E-05
358157,4.57E-05
353376,4.60E-05
360820,4.79E-05
358207,4.82E-05
360827,4.82E-05
357676,4.82E-05
354604,4.84E-05
364041,4.84E-05
358844,4.84E-05
355540,4.86E-05
354950,4.86E-05
360046,4.93E-05
355705,4.93E-05
363730,4.93E-05
361436,4.93E-05
362219,4.93E-05
352487,4.93E-05
357693,4.93E-05
353394,4.93E-05
357858,4.96E-05
360998,4.98E-05
357882,5.14E-05
357233,5.14E-05
360559,5.17E-05
352301,5.18E-05
356745,5.38E-05
354930,5.38E-05
357064,5.45E-05
353569,5.47E-05
355152,5.48E-05
358736,5.50E-05
355188,5.58E-05
363763,5.58E-05
357497,5.58E-05
357100,5.58E-05
352691,5.58E-05
355800,5.58E-05
358456,5.58E-05
364309,5.58E-05
357458,5.70E-05
358214,5.73E-05
354015,5.79E-05
358197,5.79E-05
360812,5.79E-05
357658,5.79E-05
361685,5.79E-05
357287,5.85E-05
358601,5.85E-05
357281,5.89E-05
357482,5.91E-05
360015,6.06E-05
356369,6.06E-05
361158,6.08E-05
352816,6.08E-05
355397,6.19E-05
362226,6.37E-05
361001,6.37E-05
357303,6.37E-05
358048,6.37E-05
354643,6.37E-05
359657,6.37E-05
356057,6.37E-05
352680,6.60E-05
356746,6.62E-05
361839,6.73E-05
355216,6.75E-05
358841,6.87E-05
354970,6.87E-05
362005,6.87E-05
361989,6.91E-05
357237,6.94E-05
354054,6.96E-05
356787,6.96E-05
353413,6.96E-05
359857,6.96E-05
354973,6.96E-05
358846,6.96E-05
352501,6.96E-05
358237,6.96E-05
356187,6.96E-05
364044,6.96E-05
357709,6.96E-05
355563,6.96E-05
364983,7.01E-05
363138,7.02E-05
364775,7.03E-05
364640,7.06E-05
363863,7.06E-05
352249,7.06E-05
363276,7.06E-05
358001,7.06E-05
362171,7.06E-05
361408,7.06E-05
357209,7.06E-05
362891,7.06E-05
359220,7.06E-05
360951,7.06E-05
359603,7.06E-05
356565,7.06E-05
360226,7.06E-05
357715,7.13E-05
354630,7.20E-05
356601,7.20E-05
358030,7.20E-05
354618,7.20E-05
355379,7.20E-05
361689,7.29E-05
360529,7.32E-05
353399,7.43E-05
364307,7.59E-05
361285,7.59E-05
359487,7.59E-05
357098,7.59E-05
354943,7.63E-05
364743,7.94E-05
358808,7.96E-05
360558,8.06E-05
360553,8.20E-05
364150,8.20E-05
359361,8.20E-05
361114,8.20E-05
357699,8.33E-05
352492,8.33E-05
354966,8.33E-05
355555,8.33E-05
356776,8.33E-05
354044,8.33E-05
361576,8.46E-05
357324,8.52E-05
361456,8.52E-05
356632,8.52E-05
362273,8.52E-05
355420,8.52E-05
356068,8.52E-05
363339,8.52E-05
353077,8.52E-05
358622,8.52E-05
361018,8.52E-05
354256,8.52E-05
352332,8.52E-05
364748,8.52E-05
354658,8.52E-05
363914,8.52E-05
359272,8.52E-05
358061,8.52E-05
360287,8.52E-05
358968,8.56E-05
359268,8.68E-05
360085,8.83E-05
358479,8.97E-05
355221,8.97E-05
360985,9.15E-05
362860,9.59E-05
357327,9.63E-05
364332,9.84E-05
358480,9.84E-05
358256,9.84E-05
353404,9.91E-05
353201,9.96E-05
359854,0.000100286
363588,0.000100286
360847,0.000100286
357702,0.000100286
352497,0.000100286
356781,0.000100286
354045,0.000100286
354968,0.000100286
353407,0.000100286
362727,0.000100286
358233,0.000100286
364999,0.000100286
362003,0.000100286
359135,0.000100286
355559,0.000100286
364036,0.000100286
362214,0.000102724
357294,0.000104134
364751,0.000107774
362947,0.000107774
364610,0.000108148
357468,0.000108148
357262,0.000108256
352282,0.000108256
352508,0.000109189
355789,0.000110884
360655,0.000111802
355171,0.000112017
354947,0.000115539
354027,0.000115539
355909,0.00011605
356311,0.00011605
359954,0.00011605
363480,0.000118541
352331,0.000118541
362941,0.00011976
357300,0.000122881
355753,0.000123025
361556,0.000123025
358834,0.000123163
361270,0.000125296
364200,0.000125987
356969,0.000125987
353243,0.000125987
355911,0.000125987
356313,0.000125987
354850,0.000125987
353885,0.000125987
357902,0.000125987
358282,0.000125987
359956,0.000125987
364926,0.000126914
360989,0.000127215
363038,0.000127881
359477,0.000129908
358600,0.000130296
363439,0.000132884
355519,0.000134337
358144,0.000135094
354790,0.000135094
355729,0.000135094
357852,0.000135094
360225,0.000135226
354565,0.000135226
363034,0.00013543
364493,0.00013543
363282,0.00013827
353518,0.000140452
357216,0.000140452
352520,0.000140452
355147,0.000144156
357442,0.000144156
353541,0.000144156
363684,0.000144156
360513,0.000144156
363023,0.000146753
361261,0.000149176
355123,0.000151772
362449,0.000155591
361446,0.000155682
359658,0.000155682
361002,0.000155682
353074,0.000155986
360990,0.000159875
363143,0.000160111
364631,0.000160111
359468,0.000163665
355183,0.000163707
360592,0.000163735
355566,0.000165959
356792,0.000165959
359860,0.000165959
359373,0.000172048
360063,0.000173471
357488,0.000173471
360583,0.000173471
357090,0.000173471
363145,0.000173471
361278,0.000173471
358975,0.000173471
352684,0.000173471
359481,0.000173471
364669,0.000173471
356408,0.000173471
355178,0.000173471
358452,0.000173471
361847,0.000173471
362470,0.000173471
363752,0.000173471
355792,0.000173471
354430,0.000173471
352819,0.000176225
360534,0.000176225
364318,0.000176835
354446,0.000176835
364693,0.000176835
357106,0.000176835
360593,0.000176835
362481,0.000176835
358462,0.000176835
361294,0.000176835
355757,0.00017709
361986,0.000177858
355179,0.000178319
360037,0.000178319
357489,0.000178319
357321,0.000178319
356384,0.000178319
364729,0.000178319
354402,0.000178319
364251,0.000178319
363315,0.000178319
353084,0.000178319
353178,0.000182271
358593,0.000184687
359775,0.000187437
352866,0.000187437
362142,0.000187437
356229,0.000187437
360521,0.000187961
356765,0.00019228
352480,0.00019228
355775,0.000193709
357307,0.000194919
354226,0.000196896
355376,0.000196896
359638,0.000196896
356043,0.000196896
357278,0.000196896
354613,0.000196896
356600,0.000196896
356156,0.00019918
356734,0.00019918
359819,0.00019918
360090,0.000199389
358216,0.000203198
357692,0.000203198
362490,0.000204838
356918,0.000205878
361117,0.000205878
362850,0.000205878
359506,0.000208699
354218,0.000210181
354603,0.000210181
362207,0.000210181
358026,0.000210181
363307,0.000210181
357222,0.000211513
354177,0.000211513
360954,0.000211513
352253,0.000211513
354569,0.000211513
355347,0.000211513
358568,0.000211513
359222,0.000211513
364643,0.000211513
362176,0.000211513
356569,0.000211513
358006,0.000211513
360230,0.000211513
360058,0.000212018
356403,0.000212018
359946,0.000217569
355900,0.000217569
356304,0.000217569
364023,0.000220733
358837,0.000220733
363584,0.000220733
354040,0.000220733
354959,0.000220733
355549,0.000220733
356774,0.000220733
359849,0.000220733
358223,0.000220733
356180,0.000220733
354238,0.000222023
363320,0.00022238
363896,0.00022238
364311,0.000222644
360018,0.000223151
356372,0.000223151
358709,0.000224775
364109,0.00022896
356859,0.00022896
365073,0.00022896
362800,0.00022896
361778,0.00022896
359201,0.00022896
358911,0.00022896
360923,0.00022896
359925,0.00022896
363712,0.00022896
358410,0.00022896
362074,0.00022896
356288,0.00022896
360468,0.00022896
358733,0.000230155
358331,0.000232328
364253,0.000232328
357474,0.000233534
361445,0.000237051
363033,0.000238331
357318,0.000241712
362175,0.000241712
361705,0.000245813
357874,0.000246312
359393,0.000246312
363467,0.000246312
358734,0.000246312
356959,0.000246312
364976,0.000251275
356405,0.00025607
357084,0.00025607
364165,0.000258775
360572,0.000265775
364176,0.000265775
362866,0.000265775
353220,0.000265775
354813,0.000265775
359777,0.000265775
353855,0.000265775
361565,0.000265775
356941,0.000265775
363453,0.000265775
357485,0.000265825
360011,0.000266906
364597,0.00026927
352654,0.00026927
359467,0.00026927
357445,0.00026927
355150,0.00026927
363123,0.00026927
354401,0.00026927
358956,0.00026927
355671,0.00026927
363862,0.000275719
361136,0.000277439
356960,0.000278093
360839,0.000281011
357700,0.000282958
360395,0.000285043
359605,0.000286959
356014,0.000286959
352472,0.000287035
358588,0.00028713
364734,0.000291467
363788,0.000291467
361312,0.000291467
356245,0.000293268
361123,0.000294493
363337,0.000300553
354810,0.00030174
355759,0.00030174
361996,0.000302454
358592,0.000304117
355756,0.000313594
354807,0.000313594
364293,0.000313648
358444,0.000313648
358723,0.000314724
361566,0.000314724
355761,0.000314724
361137,0.000314724
354814,0.000314724
359382,0.000314724
362144,0.000314724
360279,0.000316185
362717,0.000317912
360233,0.000319687
354836,0.000320742
353234,0.000320742
356305,0.000320742
359947,0.000320742
355901,0.000320742
357893,0.000320742
354820,0.000322531
358252,0.000322531
357885,0.000322531
362151,0.000322531
353592,0.000324121
357521,0.000324121
376329,0.00032414
359639,0.00032725
356044,0.00032725
354616,0.000329075
354854,0.000329821
355916,0.000329821
356315,0.000329821
359960,0.000329821
357861,0.000343305
364739,0.000345505
364986,0.000345505
353835,0.000349489
356214,0.000349489
359759,0.000349489
355731,0.000349489
355542,0.000361129
354951,0.000361129
354061,0.000361597
354007,0.000362048
356790,0.000362775
352503,0.000362775
356188,0.000362775
355565,0.000362775
359858,0.000362775
357447,0.000364757
364172,0.000366169
373644,0.000372012
357221,0.000372884
358239,0.000377808
364788,0.000378376
354938,0.000380987
362131,0.00038837
357526,0.000389293
360094,0.000389293
362859,0.000390101
354606,0.0003919
357705,0.000393488
354048,0.000393488
357304,0.0003959
353065,0.0003959
359389,0.000396654
358430,0.000402294
357456,0.000402294
360040,0.000402294
357067,0.000402294
355678,0.000402294
356387,0.000402294
353550,0.000402294
363167,0.000410599
361706,0.000421041
360034,0.000421041
355673,0.000421041
364599,0.000421041
359536,0.000421041
364252,0.000421041
363124,0.000421041
357319,0.000428799
356783,0.00043072
354423,0.000434722
362916,0.000437404
354443,0.000449874
361857,0.000449874
364315,0.000449874
355806,0.000449874
352696,0.000449874
357506,0.000449874
361292,0.000449874
360591,0.000449874
360072,0.000449874
359491,0.000449874
364689,0.000449874
355193,0.000449874
363153,0.000449874
357103,0.000449874
353578,0.000449874
362480,0.000449874
358981,0.000449874
358459,0.000449874
355156,0.000488523
359469,0.000488523
360041,0.000488523
358432,0.000488523
357457,0.000488523
361263,0.000488523
363697,0.000488523
356388,0.000488523
362929,0.000489707
364718,0.000489707
362871,0.000507511
361144,0.000507511
361574,0.000507511
362152,0.000507511
364475,0.000507511
353545,0.000509076
363909,0.000509135
358054,0.000509135
361010,0.000509135
360278,0.000509135
356228,0.000512
359774,0.000512
357297,0.000516538
356612,0.000516538
356055,0.000516538
359653,0.000516538
352316,0.000516538
355395,0.000516538
364673,0.000518853
355501,0.000519743
353059,0.000533987
357869,0.000534781
359828,0.000556694
356165,0.000556694
363571,0.000556694
364008,0.000556694
355523,0.000556694
358482,0.000557872
360581,0.000568683
363304,0.000570534
353860,0.000572287
362147,0.000572287
364470,0.000572287
361570,0.000572287
361141,0.000572287
362869,0.000572287
358835,0.000584073
358220,0.000584073
364316,0.000588521
353579,0.000588521
352507,0.0005997
352670,0.000602975
356588,0.000603425
360387,0.000607404
359113,0.000607404
361128,0.000629944
360566,0.000629944
359376,0.000629944
364776,0.000633606
356602,0.000634904
360286,0.000641922
356630,0.000641922
358621,0.000641922
357320,0.000641922
355417,0.000641922
363338,0.000641922
358059,0.000641922
359633,0.000656567
356594,0.000656567
354842,0.000670545
363472,0.000670545
353236,0.000670545
358273,0.000670545
353879,0.000670545
356307,0.000670545
356962,0.000670545
364196,0.000670545
355905,0.000670545
355822,0.000670704
360088,0.000670704
354465,0.000670704
356429,0.000670704
355215,0.000670704
357122,0.000670704
356216,0.00068682
359762,0.00068682
354792,0.00068682
355734,0.00068682
359781,0.000688174
355762,0.000690525
354967,0.000693769
356306,0.000693952
364191,0.000693952
358265,0.000693952
362725,0.000705781
355558,0.000705781
361711,0.000705781
359134,0.000705781
362002,0.000705781
360846,0.000705781
364035,0.000705781
356779,0.000705781
358232,0.000705781
360402,0.000705781
358842,0.000705781
359853,0.000705781
357567,0.000708348
353416,0.000708348
356968,0.000711073
363284,0.000711121
359607,0.000711121
356016,0.000711121
358005,0.000711121
358616,0.000720209
358071,0.000724502
355434,0.000724502
356075,0.000724502
359680,0.000724502
363923,0.000724502
356642,0.000724502
354448,0.000729784
364898,0.000739546
355791,0.0007488
357089,0.0007488
363751,0.0007488
364303,0.0007488
352683,0.0007488
358974,0.0007488
358451,0.0007488
355677,0.000755746
353549,0.000761969
360516,0.000761969
358960,0.000761969
357455,0.000761969
362450,0.000761969
363695,0.000761969
357066,0.000761969
361827,0.000761969
361262,0.000761969
358206,0.000765994
353388,0.000771098
359950,0.000771098
355724,0.000782503
354609,0.000789261
360264,0.000800538
364624,0.00081052
364964,0.000810978
364464,0.000817113
354014,0.000820485
360396,0.000825294
357124,0.000831187
360810,0.000837234
359362,0.000841346
358708,0.000841346
362586,0.000842527
362715,0.000858924
352876,0.000883348
354788,0.000895932
353833,0.000895932
352872,0.000905988
358970,0.00090755
355182,0.000908104
357628,0.000915571
359371,0.000959506
352312,0.000975335
354673,0.000992036
362468,0.001008378
364633,0.001008378
358029,0.001044314
354260,0.001061481
352342,0.001061481
360039,0.001080436
356386,0.001080436
359377,0.00108517
360567,0.00108517
362864,0.00108517
362136,0.00108517
361559,0.00108517
355755,0.00108517
359771,0.00108517
364462,0.00108517
356225,0.00108517
361129,0.00108517
356611,0.001093589
364692,0.001107413
359084,0.001126133
360556,0.001140622
363149,0.001167327
354435,0.001167327
361851,0.001167327
357493,0.001167327
363759,0.001167327
354220,0.001171638
360260,0.001182814
357295,0.001192719
352484,0.001225939
363168,0.001225939
359270,0.001227104
361999,0.001235483
352715,0.001251369
353596,0.001251369
354468,0.001251369
357525,0.001251369
364703,0.001302795
358987,0.001302795
365254,0.001321919
364304,0.001326082
356409,0.001326082
355793,0.001326082
358454,0.001326082
357091,0.001326082
360064,0.001326082
363754,0.001326082
359841,0.0013398
356173,0.0013398
356966,0.00137252
361589,0.00137252
362242,0.00137252
363476,0.00137252
358740,0.00137252
364722,0.001373276
353385,0.001378966
357682,0.001378966
354847,0.001395663
361133,0.001401871
358178,0.001401871
356890,0.001408396
360855,0.001450212
353848,0.00146637
364038,0.001492862
357069,0.001505865
358434,0.001505865
354407,0.001505865
356390,0.001505865
360043,0.001505865
355679,0.001505865
356795,0.001514211
360409,0.001514211
358850,0.001514211
359142,0.001514211
358242,0.001514211
356195,0.001514211
362015,0.001514211
364047,0.001514211
360854,0.001514211
365009,0.001514211
362734,0.001514211
361720,0.001514211
375177,0.001554787
359227,0.001560404
363128,0.001645301
356944,0.001670469
352330,0.001723722
363346,0.00172449
359340,0.001724668
359732,0.001724668
356884,0.001724668
356120,0.001724668
355458,0.001743364
355361,0.001754883
353030,0.001754883
359625,0.001754883
356033,0.001754883
358693,0.001763574
356637,0.001812733
358605,0.001840251
364286,0.001855055
358438,0.001855055
361859,0.001929956
362155,0.001937388
360562,0.001960181
359785,0.001960181
356249,0.001960181
361551,0.001960181
359370,0.001960181
354801,0.001967704
364495,0.001982848
363036,0.001982848
362246,0.001982848
358034,0.001986609
357285,0.001986609
356058,0.002076759
355404,0.002076759
358828,0.002118022
361828,0.002121318
355745,0.00212669
356220,0.002164998
359767,0.002164998
361710,0.002165251
360386,0.002294392
362890,0.002296232
364639,0.002296232
353359,0.002327687
354428,0.002331122
358443,0.002335667
361835,0.002335667
360577,0.002335667
357079,0.002335667
363740,0.002335667
355795,0.002418119
357095,0.002418119
356411,0.002418119
360066,0.002418119
363757,0.002418119
364626,0.002576351
363136,0.002576351
361836,0.002576351
362461,0.002576351
355527,0.002624776
359121,0.002651613
364993,0.00266141
356924,0.002665192
360582,0.00270388
362723,0.002707533
359852,0.002707533
364994,0.002707533
356183,0.002707533
361008,0.002728486
353386,0.002794487
352870,0.00284407
364628,0.002847034
364699,0.002864665
354573,0.002919302
354679,0.002923382
361698,0.002950364
362701,0.002997675
361295,0.003019349
357274,0.003050733
361837,0.003192462
364295,0.003192462
364455,0.003204914
363441,0.003204914
355740,0.003204914
364163,0.003204914
354795,0.003204914
352692,0.003211338
364193,0.003215008
360654,0.003215008
358268,0.003215008
353831,0.003312224
354798,0.003325763
357498,0.00335167
355801,0.00335167
360069,0.00335167
358457,0.00335167
357101,0.00335167
356413,0.00335167
357109,0.003366144
357475,0.003408362
361433,0.003417453
358602,0.003496457
357086,0.003502102
360288,0.003577665
352476,0.003696032
371048,0.003724474
358033,0.003730498
352307,0.003730498
354622,0.003730498
368703,0.0037718
361166,0.003879577
364978,0.003903388
376496,0.003925634
358721,0.003933494
369160,0.003972957
373250,0.004030032
354440,0.004072558
359731,0.004129308
356119,0.004129308
354756,0.004129308
364454,0.00419533
362855,0.00419533
364031,0.004290297
356949,0.004320469
356246,0.004320469
354824,0.004320469
353864,0.004320469
359782,0.004320469
364182,0.004320469
355769,0.004320469
362735,0.004356355
357478,0.004357224
353560,0.004357224
356736,0.004404753
354818,0.004466425
357883,0.004466425
357108,0.004535895
363771,0.004535895
362483,0.004535895
352700,0.004535895
355810,0.004535895
364698,0.004535895
364321,0.004535895
355198,0.004535895
353582,0.004535895
361299,0.004535895
360598,0.004535895
360075,0.004535895
354449,0.004535895
358984,0.004535895
358467,0.004535895
361861,0.004535895
359495,0.004535895
357510,0.004535895
363155,0.004535895
377450,0.004570662
362125,0.00460482
362848,0.00460482
361545,0.00460482
361145,0.00460482
359365,0.00460482
357322,0.004617944
355418,0.004617944
363580,0.004841741
353383,0.004841741
358211,0.004841741
355538,0.004841741
358248,0.004958512
363455,0.004958512
358725,0.004958512
360646,0.004958512
359385,0.004958512
364179,0.004958512
361569,0.004958512
361140,0.004958512
356638,0.005014582
362955,0.005014582
361024,0.005014582
360293,0.005014582
358066,0.005014582
355428,0.005014582
363345,0.005014582
364778,0.005014582
362296,0.005014582
354667,0.005014582
359673,0.005014582
377489,0.005026442
357871,0.005122579
353213,0.005122579
354804,0.005122579
353847,0.005122579
354828,0.005230429
355772,0.005230429
353867,0.005230429
361617,0.005235225
364223,0.005235225
369183,0.005235683
361011,0.005261042
361152,0.00537996
375786,0.005385378
359647,0.005405621
355388,0.005405621
354628,0.005405621
356050,0.005405621
362925,0.005405621
360789,0.005496688
353166,0.005496688
367385,0.005790364
361314,0.006193304
360610,0.006193304
358996,0.006193304
359507,0.006193304
355384,0.006342115
372097,0.006369698
374437,0.006401459
362243,0.006429805
372786,0.006596792
363040,0.006658254
353248,0.006658254
363479,0.006658254
353566,0.006762499
357223,0.006971027
360955,0.006971027
358464,0.007218193
361296,0.007218193
353200,0.007240989
373652,0.007559706
368288,0.007959106
369001,0.008006123
361843,0.008115906
360997,0.008132705
358044,0.008132705
364724,0.008132705
363900,0.008132705
361442,0.008132705
360269,0.008132705
362223,0.008132705
373249,0.008834857
371557,0.008879561
355090,0.009124184
353494,0.009124184
357788,0.009124184
355633,0.009124184
354143,0.009124184
367901,0.009127459
366990,0.009135589
364467,0.009180212
354817,0.009372278
366992,0.009441363
357313,0.00972741
352329,0.00972741
359668,0.00972741
354254,0.00972741
353072,0.00972741
354652,0.00972741
356065,0.00972741
355413,0.00972741
362733,0.009827081
365008,0.009827081
363898,0.009833226
364603,0.009843325
363129,0.009843325
366277,0.009880656
358192,0.009910763
370571,0.009940367
354911,0.010076712
370278,0.010197381
352302,0.010238406
353043,0.010238406
352704,0.01045293
354452,0.01045293
355201,0.01045293
376567,0.010612582
368268,0.010716221
355181,0.010716776
352685,0.010716776
357490,0.010716776
363756,0.010716776
354431,0.010716776
360065,0.010716776
357094,0.010716776
355794,0.010716776
368570,0.010855993
361550,0.010968735
354672,0.011051321
360235,0.011055934
371768,0.011395877
361865,0.011683513
361707,0.011694773
362724,0.011694773
364996,0.011694773
369612,0.011830347
363753,0.011857316
358453,0.011857316
359384,0.011911414
359260,0.012128976
357870,0.012542287
362174,0.013092061
358229,0.013179229
364033,0.013179229
363130,0.013615174
362451,0.013615174
356753,0.013771744
361822,0.013936681
364135,0.014159101
360609,0.014207592
357128,0.014207592
355222,0.014207592
358481,0.014207592
355827,0.014207592
354470,0.014207592
357527,0.014207592
364333,0.014207592
376117,0.014458386
361709,0.014701885
358040,0.014727507
356608,0.014727507
363322,0.014727507
360077,0.014845779
356420,0.014845779
364678,0.01487618
362208,0.01487618
359247,0.01487618
360979,0.01487618
362918,0.01487618
367018,0.01501238
370240,0.015028798
367684,0.015612938
355557,0.015959632
352494,0.015959632
363032,0.016314527
366963,0.016728919
353075,0.016747773
364048,0.017246818
360492,0.017295605
363317,0.0175768
367535,0.018295994
361432,0.018440843
361003,0.019184412
364735,0.019184412
362227,0.019184412
361450,0.019184412
359263,0.019184412
360273,0.019184412
371637,0.019504806
355776,0.020075845
369164,0.02014221
372305,0.020667545
365739,0.020699391
370233,0.020822156
371793,0.020948872
353405,0.021150736
367366,0.021555178
358731,0.021664077
378018,0.021795172
355667,0.023089495
358421,0.023089495
360029,0.023089495
363682,0.023089495
357058,0.023089495
353872,0.023356147
360393,0.02342793
376503,0.023545181
371279,0.024731431
356628,0.026349364
357862,0.02634951
353241,0.026887229
358281,0.026887229
360588,0.027049324
363152,0.027049324
358980,0.027049324
362477,0.027049324
361855,0.027049324
359488,0.027049324
361287,0.027049324
355091,0.027203351
373477,0.027337354
376103,0.027387422
374318,0.027579537
365325,0.028496917
361273,0.028889583
367417,0.029011484
368580,0.029521743
366708,0.029583605
365595,0.030003257
372343,0.030424574
372795,0.030808095
371639,0.031022875
370248,0.031223873
369444,0.031312298
367216,0.03199149
375775,0.032035504
378068,0.032059852
354212,0.032141414
367533,0.032284223
374525,0.032570302
361282,0.03298204
364601,0.03300849
367893,0.033145636
376644,0.033315513
364717,0.033712927
359652,0.033712927
355392,0.033712927
354239,0.033712927
354633,0.033712927
356054,0.033712927
353054,0.033712927
362928,0.033712927
376785,0.03374771
361463,0.034290638
362301,0.034290638
376080,0.03429141
368682,0.034779944
369990,0.0349497
375891,0.035530318
358253,0.03591542
377761,0.036565557
359369,0.036621775
376304,0.036748115
355808,0.03693427
357509,0.03693427
364319,0.03693427
355196,0.03693427
363767,0.03693427
357107,0.03693427
354447,0.03693427
358463,0.03693427
360594,0.03693427
352699,0.03693427
374936,0.03731236
355411,0.037453286
356624,0.037453286
365467,0.037457336
366252,0.03778036
372124,0.038220853
376098,0.04011275
366687,0.04061584
374428,0.040738184
368724,0.04099415
367897,0.041180998
365876,0.04126582
378410,0.04144796
362241,0.04234906
376490,0.04354938
367421,0.043559883
364302,0.04441268
372347,0.0447648
355155,0.0449527
361552,0.045362234
360563,0.045362234
362858,0.045362234
364458,0.045362234
362132,0.045362234
361124,0.045362234
368577,0.0453743
371280,0.04555574
371626,0.04564972
362225,0.0463501
359656,0.0463501
361000,0.0463501
363905,0.0463501
355403,0.0463501
363328,0.0463501
356617,0.0463501
358610,0.0463501
359244,0.046543665
364672,0.046543665
362203,0.046543665
376073,0.046618443
353571,0.046731383
375311,0.046857
354939,0.047242746
366823,0.04776004
366696,0.04845185
366624,0.049753886
375306,0.050212514
358993,0.05053224
377933,0.05058435
368901,0.05156908
373256,0.05242631
370153,0.0525211
371749,0.052567545
370243,0.05267983
369808,0.053680886
369145,0.054632418
368524,0.05494328
367543,0.055378567
362934,0.055425987
364728,0.055425987
375035,0.05545563
367691,0.05546729
367217,0.05547074
370161,0.056338873
365578,0.056457028
362469,0.057143997
374575,0.057253458
367418,0.057332605
372812,0.05771978
374463,0.05799436
360254,0.058547735
365617,0.058876902
378407,0.058974672
373444,0.059641793
369593,0.060129162
369464,0.060959715
372794,0.061936114
377432,0.06204422
371421,0.062414948
375460,0.06262585
374577,0.062745415
374600,0.06282582
377808,0.0631284
369186,0.063356474
370276,0.06360522
365579,0.06382601
370256,0.064432055
365349,0.06452923
369617,0.064546786
367888,0.06473991
370918,0.06507957
372959,0.065081574
365750,0.065176286
363131,0.06563176
366062,0.06701534
373254,0.06704276
374929,0.06784503
373237,0.06812026
376890,0.068410195
377801,0.069032855
367574,0.06923802
354780,0.070303224
367422,0.072403714
375931,0.07315408
367170,0.073753946
353558,0.073777445
374464,0.07433751
359674,0.074350305
354669,0.074350305
354262,0.074350305
357448,0.07518213
373804,0.075810775
377954,0.07763103
367370,0.07818028
369395,0.07844815
375995,0.07902786
372636,0.07906184
374429,0.07956214
368544,0.07959847
369619,0.079705305
369455,0.08000591
378106,0.0810968
366077,0.08116953
368742,0.08156618
367726,0.08186283
361012,0.08197252
369816,0.08318741
373405,0.08342151
370724,0.08401015
372901,0.08591786
373383,0.08620297
360053,0.086632386
356399,0.086632386
355780,0.086632386
354421,0.086632386
371622,0.08773255
365771,0.08775415
377454,0.08875233
377351,0.08889052
364695,0.08911249
372803,0.08947434
369344,0.08969803
365908,0.089698434
369945,0.08973493
377798,0.09000987
373805,0.09026315
373825,0.09140481
368990,0.09167024
377610,0.092420004
376640,0.09242924
376215,0.09270967
375567,0.09327721
378082,0.09409146
369323,0.094582535
373235,0.09462335
375292,0.094651386
368098,0.09468092
364780,0.09486205
366676,0.09491423
365251,0.09560516
375409,0.096135065
365326,0.096364506
377604,0.0967374
366516,0.09680235
366717,0.097704545
370834,0.097713895
354178,0.098447524
366707,0.098529175
361856,0.09857938
358458,0.09857938
361291,0.09857938
362479,0.09857938
364687,0.09857938
363764,0.09857938
360590,0.09857938
364314,0.09857938
378404,0.09941672
367398,0.100402996
371289,0.10083121
371058,0.101024404
372843,0.101469114
375901,0.10211581
365618,0.102405205
368745,0.10305194
374116,0.1031406
367552,0.1038021
370551,0.10437465
368414,0.104392506
367389,0.10443925
366859,0.10456869
367410,0.10517104
366598,0.105205454
366121,0.10538789
371969,0.106278606
372702,0.10783801
374098,0.10886847
367003,0.10892071
369187,0.10946544
361306,0.10966128
375315,0.11011693
370380,0.110200115
370266,0.11020914
367518,0.11049874
369472,0.110845864
366125,0.11091416
371405,0.1111557
372540,0.11152643
376216,0.11159539
370733,0.1116494
366082,0.11221204
369299,0.11272259
376235,0.11297122
366666,0.1132526
368422,0.11355333
372678,0.11439978
371773,0.11452964
366821,0.11523895
353861,0.115734614
354821,0.115734614
376919,0.11583484
360281,0.11662423
369177,0.116772436
373121,0.11849987
366104,0.118845865
376684,0.11898405
369876,0.11971872
377775,0.12014669
377464,0.120158166
377202,0.12051272
356749,0.120849796
359831,0.120849796
372130,0.12147776
370913,0.122025944
374328,0.12273051
368043,0.122784145
354442,0.12391237
378102,0.124209516
359654,0.1251901
363902,0.1251901
356614,0.1251901
370005,0.1254438
377196,0.12552056
359131,0.12570113
358228,0.12570113
360400,0.12570113
361998,0.12570113
360843,0.12570113
364032,0.12570113
364995,0.12570113
371926,0.12571274
365262,0.12624297
370220,0.12639897
362851,0.12701556
364447,0.12701556
358280,0.12729822
373238,0.12781581
376811,0.12787485
373654,0.12808836
352859,0.12828638
371801,0.12840904
365320,0.12862419
376995,0.12877062
370886,0.12944737
370899,0.1295085
376986,0.12964457
368560,0.12987798
373813,0.13101555
369968,0.13155788
371300,0.13173513
373950,0.13175292
372907,0.13180225
371825,0.13202775
370142,0.13240312
360232,0.13261431
363146,0.13289092
372558,0.13312261
366094,0.13380638
370582,0.13422032
374554,0.1342645
377037,0.13467984
376349,0.13534713
365247,0.13563165
358849,0.1361977
359141,0.1361977
374434,0.13660197
376668,0.13687293
375618,0.13729508
352686,0.13767412
354432,0.13767412
369325,0.13868833
378049,0.13888441
356950,0.13900316
371286,0.13951908
372962,0.14066745
368998,0.14101586
377467,0.1418014
371601,0.14182629
367178,0.14266902
363886,0.1429112
371407,0.14291516
375437,0.14307281
371299,0.14397165
367355,0.14401457
368993,0.1449883
368051,0.14585216
370560,0.14601573
368083,0.14628178
378380,0.1463945
365186,0.14641191
369126,0.14665715
372357,0.14687504
375474,0.14737695
374452,0.14833412
376901,0.14854664
366697,0.14962399
366881,0.14975317
362285,0.14989555
367731,0.14991233
365166,0.15012412
377952,0.15069228
361028,0.15122466
369991,0.15126424
367341,0.15161003
376781,0.15191841
369594,0.15279433
366649,0.15303805
367549,0.15344942
365310,0.15360418
373253,0.15375507
367513,0.15465528
369462,0.15475495
371786,0.15482418
370212,0.15493144
367713,0.15543082
366126,0.1556566
370152,0.15779148
376493,0.15857328
369629,0.15940794
369996,0.15978068
376108,0.15995985
368565,0.16064677
374732,0.16078664
367010,0.16087613
368382,0.1610966
377652,0.1619217
367906,0.16264682
365768,0.16285512
369989,0.16339302
367534,0.16352576
366863,0.16408342
373210,0.16516627
376914,0.1659379
374462,0.16709155
370268,0.1680395
366889,0.16861884
374770,0.168787
367388,0.16891809
365180,0.16907212
365409,0.17083457
368681,0.17232735
375911,0.17264451
367401,0.17309214
365270,0.17409165
373835,0.17410135
370167,0.17430753
378397,0.1747717
375602,0.17534107
365461,0.17574725
377303,0.17610024
366059,0.17640483
370900,0.17665185
367633,0.17703831
367372,0.17841762
367874,0.17855184
377792,0.17884919
371589,0.18034886
365734,0.18082984
369012,0.18124086
357519,0.18159571
371970,0.18240824
367550,0.18278265
366502,0.18279354
368380,0.18291496
365769,0.18313959
374140,0.18321498
373460,0.18410702
374126,0.18417515
371971,0.18530199
372810,0.1856838
375060,0.18620412
376093,0.18623944
367185,0.18636021
365589,0.18686268
372512,0.18828696
373992,0.18926898
377624,0.18932743
378186,0.19005361
366845,0.19045883
374919,0.19097136
367409,0.19127303
372692,0.19146894
370902,0.19152464
371250,0.19160216
373105,0.19374274
373452,0.19408064
375696,0.19475378
365246,0.19512829
367733,0.19527875
375442,0.19570976
366888,0.19610143
373461,0.19714104
365735,0.19733453
370569,0.1976129
374315,0.1980521
374920,0.19823587
367191,0.19979042
375049,0.20000401
359130,0.20113647
377455,0.20123029
375784,0.20274724
365313,0.20281813
373091,0.20285335
374113,0.20297994
368734,0.20334868
365420,0.20351131
375210,0.20365417
370287,0.20397036
371411,0.20466657
366693,0.2047175
369784,0.2047668
366108,0.20494537
372136,0.20509413
370538,0.20552485
367688,0.20695502
375293,0.20759702
376889,0.20783503
368416,0.20821539
370187,0.2086135
367334,0.20897216
372683,0.20925833
373683,0.20994347
371642,0.21057251
375297,0.21138899
371609,0.2119391
376646,0.21232226
370125,0.21258682
365197,0.21270955
372255,0.21271719
366674,0.21291117
364612,0.21343082
375457,0.21360083
354234,0.2137852
374292,0.21391177
374330,0.21465427
378426,0.2159537
366853,0.21673582
366498,0.21687247
368246,0.21722387
365460,0.21750003
367218,0.2179404
369625,0.2181606
372090,0.21902092
366273,0.2192239
368974,0.21961744
367724,0.22019139
371618,0.22058044
370382,0.22060603
375615,0.22068642
372796,0.2209963
367847,0.22131793
365415,0.22159408
371605,0.22385725
367523,0.2245153
365761,0.22486839
368733,0.22492558
376657,0.22508931
366954,0.22520822
372251,0.22769098
365269,0.22815144
369814,0.22823633
368675,0.22848038
372888,0.22899826
377783,0.2296104
366490,0.22966543
377797,0.23039523
369015,0.23046154
374784,0.2304692
369279,0.23090091
367743,0.23249742
368858,0.23358451
374758,0.23526342
376242,0.23542424
371417,0.23576935
371047,0.23617056
372569,0.23697443
371771,0.23747471
368518,0.23808362
365272,0.23814175
365206,0.23838557
367577,0.2388261
365432,0.23883265
364169,0.23918039
364460,0.23918039
363446,0.23918039
369176,0.23919977
371264,0.23954734
371254,0.23967262
374754,0.24024652
369982,0.24044025
373467,0.24124828
372309,0.24167025
372231,0.24232887
357688,0.2424542
354047,0.24270898
365195,0.24289036
369465,0.2433949
372689,0.24626501
374939,0.24703851
366662,0.24746008
367392,0.24863239
371655,0.25048837
377639,0.2510634
375601,0.25111368
371636,0.25126818
365383,0.2519696
376906,0.2532959
376123,0.25401843
373958,0.2540193
371393,0.25410968
374913,0.25417137
366689,0.25446138
365888,0.25625372
378403,0.25717583
369815,0.2591264
371832,0.2597202
370155,0.26033437
373245,0.26098165
368573,0.26103655
378223,0.26270795
371625,0.26299053
370370,0.2632742
367201,0.26358125
378094,0.2638604
375463,0.2642229
374630,0.26452577
378239,0.26469192
355884,0.2648959
369192,0.2650431
375478,0.26519343
376980,0.26519734
378027,0.2651988
376348,0.26540014
368214,0.2663552
374419,0.26718253
370134,0.26835382
355375,0.2689265
373814,0.27041006
377333,0.27172402
376226,0.27260235
369818,0.2727358
368680,0.27360123
371270,0.27486813
374426,0.275008
374918,0.2765907
372806,0.27686578
358769,0.2768818
360730,0.2768818
373384,0.2780089
372109,0.27887723
366524,0.28014264
368658,0.280216
356771,0.28100508
368728,0.28124776
365429,0.28165913
375913,0.2817762
366207,0.28262752
372765,0.28270808
365569,0.28310573
366872,0.2831284
367885,0.28314736
376885,0.28479192
365863,0.28480962
368930,0.28511629
372701,0.2856198
377361,0.28563726
365756,0.28643695
366688,0.28659198
375610,0.2866079
365621,0.28698698
369430,0.28715122
378103,0.28732234
378395,0.28829587
373896,0.28838718
376911,0.28951243
366683,0.2898372
368389,0.28993556
369294,0.29001722
372657,0.2911911
365889,0.29155758
377203,0.2916155
367744,0.2917815
377777,0.2920836
371267,0.29240307
367894,0.2924424
365322,0.29279083
366265,0.29282412
373243,0.29296097
371571,0.29300693
374134,0.2935277
376897,0.29500872
370523,0.29536152
365910,0.296164
367019,0.2962044
369014,0.29648408
371292,0.2972253
375889,0.2975362
377774,0.29797685
366090,0.29798007
366831,0.29837218
365733,0.30029568
377320,0.30073366
368602,0.30083573
376658,0.30090803
369302,0.30181867
371076,0.30207872
372770,0.30246755
371360,0.30278555
365904,0.30378532
372782,0.30402088
372222,0.3041032
376091,0.30413085
369460,0.3045029
365407,0.3046336
370731,0.30554354
366709,0.30576414
374757,0.3058384
372704,0.3077653
367892,0.30783468
372570,0.30796772
373369,0.30891398
373442,0.3092821
368258,0.31045794
376873,0.31046903
368582,0.31103522
375471,0.31207782
366519,0.3124073
365753,0.31242597
365387,0.31251615
374620,0.3129753
367222,0.31312653
372310,0.3135271
377157,0.31451222
373932,0.31488717
378401,0.3155974
371550,0.31562108
377767,0.31668174
373111,0.31671795
369193,0.31767434
366517,0.3178148
370141,0.31812897
371402,0.31837496
365869,0.31878284
374074,0.31945935
369825,0.3198768
368730,0.32284883
371796,0.32340562
374320,0.32397327
378215,0.324144
374608,0.32446077
370168,0.32562858
371957,0.32566214
375053,0.32820946
368099,0.32882977
369452,0.3288921
377964,0.32934096
377648,0.3297497
369431,0.32985917
368601,0.32994443
372129,0.33050337
369005,0.33051574
369022,0.33111945
371627,0.33117682
367846,0.3314739
378075,0.33171648
370907,0.33179978
374302,0.33258718
378229,0.33281115
373996,0.3331643
374114,0.33341447
369971,0.33344373
367914,0.33400038
377480,0.33402982
373446,0.3346859
374115,0.33515015
366259,0.3353445
376669,0.33596867
366242,0.33611175
366081,0.33630627
373232,0.3363188
365414,0.3366162
370712,0.33690107
370817,0.33692843
376478,0.33800605
369975,0.33812493
376908,0.3383456
368383,0.33933234
368395,0.3400844
366980,0.34061587
366978,0.34095007
371795,0.34106252
371520,0.34147123
367425,0.34160858
376092,0.34196025
375776,0.34242055
375408,0.34290493
374294,0.3429472
369992,0.34343195
365909,0.34361932
371599,0.34368837
378304,0.34393272
369456,0.34463245
367360,0.34512454
365410,0.34570205
367545,0.34602875
374903,0.34605616
375063,0.34634894
372099,0.34789756
378230,0.34837845
376336,0.34855705
367176,0.34858426
369028,0.34874997
367544,0.34910274
366799,0.34966168
365439,0.34972537
371634,0.3499012
368084,0.3500635
368729,0.35205558
369904,0.35271084
375178,0.35315844
376232,0.3536006
376909,0.35371506
375557,0.3543323
368547,0.3545655
372248,0.35476854
370919,0.35487393
371106,0.35536662
371271,0.35539216
370697,0.3554052
369949,0.3559485
374402,0.3560477
377364,0.3563635
367558,0.35661197
370736,0.3566332
373972,0.3570452
372874,0.35725197
366960,0.35779375
374904,0.35815904
367174,0.35860103
377476,0.3593934
367279,0.3595804
376618,0.3607376
365265,0.36165228
373987,0.36173984
366953,0.36243775
372879,0.36303663
367379,0.36321354
366089,0.3644304
366243,0.36543202
377451,0.36634362
367851,0.36635005
354971,0.3666779
377213,0.36706614
366975,0.36723587
368212,0.36742657
365413,0.36800793
377353,0.36815405
376495,0.36855832
371930,0.36866447
367929,0.36867526
371797,0.36876312
368853,0.36890817
367559,0.37130666
368832,0.37136412
367692,0.37174416
368585,0.3726193
366928,0.37299538
370144,0.37324566
366977,0.37366405
368077,0.37404957
373650,0.37445942
378391,0.3748375
367564,0.37485987
376358,0.37512
365445,0.37540495
374765,0.37635136
376667,0.37655988
368405,0.37668687
373966,0.37721506
376861,0.3778988
367588,0.3779721
371978,0.37838268
371401,0.37854567
367900,0.37861124
370232,0.37912473
371066,0.38018024
370561,0.3809233
371588,0.3819117
365892,0.38224122
369961,0.3824982
377642,0.38264582
373088,0.38340634
369252,0.38346836
377358,0.38401338
377922,0.3840141
368578,0.3846156
367727,0.3849743
378428,0.38551724
376900,0.38555434
374308,0.38596588
366964,0.3864128
376109,0.38677016
365424,0.38677758
376299,0.3872777
370137,0.38810685
373674,0.38836637
365902,0.38840625
372909,0.38913134
369154,0.38969263
373114,0.38981947
373095,0.39000535
371628,0.391215
367381,0.3912979
375209,0.39150184
374601,0.3919181
367020,0.3923421
368660,0.39319807
368047,0.3934448
366686,0.39395583
373933,0.39414588
366085,0.3953995
365619,0.39553067
367187,0.3962005
369972,0.39692557
369469,0.3971467
368747,0.39896783
375617,0.3993627
370843,0.3998376
376110,0.4009197
366511,0.4011196
375782,0.40286893
370554,0.4032865
371950,0.40461302
369984,0.40486678
367212,0.40487358
372245,0.40493134
368407,0.40506983
376653,0.40517458
372811,0.4053601
367889,0.4064088
374127,0.40643662
372451,0.40669808
378076,0.40719947
376836,0.40730688
371016,0.40750295
373362,0.40803936
375470,0.40910056
369332,0.40977174
368081,0.4098912
371275,0.41065553
367420,0.4106734
377601,0.4114344
369441,0.412113
374756,0.4125439
367411,0.41301394
367872,0.41303495
365438,0.4138429
373257,0.4147707
375774,0.41516626
368716,0.41585967
365468,0.4160543
367358,0.41691488
372903,0.41774654
372201,0.4177854
368902,0.41833058
373476,0.41857094
373112,0.4191954
375763,0.41976583
373675,0.41988152
375197,0.4210237
374624,0.42118084
374551,0.422711
369296,0.42273542
376679,0.42285994
366275,0.42327043
368066,0.42360723
374776,0.42467612
370711,0.42468563
367567,0.42544243
373667,0.42600486
371071,0.42630088
369630,0.4267061
373443,0.42698306
374325,0.42705068
368819,0.4275228
377497,0.42805958
370557,0.4284793
366838,0.42892656
369792,0.4294649
355787,0.42963517
370743,0.42965564
371037,0.42984426
376049,0.42991087
377857,0.4303765
370889,0.43228734
365448,0.4323708
375282,0.4325839
377628,0.43322855
367383,0.43422818
372958,0.43468243
365559,0.4348106
376088,0.4352585
352880,0.43571126
374107,0.43616962
377473,0.43675458
368852,0.43725336
374122,0.43736392
371963,0.43820235
377793,0.4385636
371624,0.4394811
369604,0.43994337
375265,0.44020668
365704,0.4405071
372352,0.4407807
373657,0.44108576
374305,0.44119874
370707,0.44129747
368709,0.44139153
368139,0.4418839
369007,0.4419138
372914,0.44216633
376979,0.44264892
376887,0.4432908
371379,0.4433885
367578,0.44365972
372893,0.44398004
374769,0.44481048
370369,0.4448289
368827,0.44590634
370384,0.44595844
373392,0.44697833
371406,0.44709405
375051,0.44818512
367871,0.4492077
377479,0.4496322
377472,0.44969702
367213,0.45087445
375185,0.45276892
366847,0.45281896
369432,0.45302466
370719,0.45373967
373672,0.45528618
372358,0.45579946
374172,0.4558716
368038,0.4560959
367903,0.456142
373436,0.45626047
372261,0.45805445
369121,0.4601082
369029,0.46069935
377607,0.46102163
372328,0.4610966
371062,0.46130922
376227,0.461428
371620,0.46202755
372781,0.46211827
366680,0.46230236
377778,0.46434033
367198,0.46513405
374632,0.46596855
365588,0.46654972
373964,0.46701974
365875,0.46739027
373271,0.46777514
366982,0.4694898
368167,0.47004953
367380,0.47008887
372804,0.47091112
376476,0.47124454
365244,0.47193637
369474,0.47313365
374131,0.47348586
371069,0.47417092
370539,0.47435436
376881,0.47550824
368401,0.47594306
370219,0.47753584
369024,0.4781648
367562,0.47862157
369965,0.47868866
374303,0.47879645
365558,0.47894377
369328,0.47964185
369986,0.47994655
375203,0.48069036
367016,0.48216078
369306,0.48293912
367524,0.48361194
371288,0.48364547
377349,0.48434514
373670,0.48670015
377457,0.48727903
378245,0.48795956
374731,0.4884653
365271,0.48857465
367704,0.4893929
369336,0.48952687
373391,0.48975435
375450,0.48976165
373275,0.48998535
370547,0.49112165
367234,0.4916742
367703,0.49176398
373931,0.49192616
377962,0.4925809
365587,0.49269563
365731,0.49338192
370230,0.4942751
377356,0.4946306
373124,0.49468017
373109,0.4947571
377459,0.49496162
375919,0.49576882
371260,0.4959316
375312,0.4962141
373252,0.49660343
374593,0.49667373
368701,0.49692565
367648,0.49879304
365430,0.4997726
369468,0.49978995
374610,0.49986717
369944,0.49993286
368259,0.5000791
374741,0.5005051
368673,0.50078285
370223,0.5010261
370703,0.5010822
366682,0.50249624
373475,0.50253433
372533,0.50350016
368234,0.5042972
366631,0.5047498
375605,0.50503755
375609,0.5050756
373684,0.5062701
376335,0.5063106
368286,0.5068454
376339,0.5069082
365436,0.50730115
366491,0.5075921
370221,0.5094241
372112,0.5103851
366064,0.51058
373967,0.5108022
375751,0.51132894
371810,0.5115434
369486,0.5118
368723,0.5123438
376904,0.5128286
367378,0.5129191
366654,0.51350725
376825,0.51379037
365207,0.51382184
373213,0.5144701
374908,0.5150815
367556,0.5161596
366993,0.51634616
370578,0.51661
375932,0.5167234
370880,0.51704687
365163,0.5179143
371072,0.51798123
370165,0.51840365
367709,0.5191142
376905,0.51977724
376999,0.5203582
376882,0.5207086
372263,0.5222764
377640,0.5223825
366855,0.522515
367730,0.522827
375858,0.522967
377498,0.5233619
371369,0.5233982
370286,0.5235111
365884,0.5242549
371291,0.52454025
369473,0.52522975
367723,0.5260232
377449,0.5261806
375792,0.5265146
369421,0.5276115
372787,0.5278174
365249,0.52782005
368550,0.5280139
373217,0.5285987
375791,0.52875113
369153,0.5287899
374500,0.52882415
373473,0.5296809
366957,0.53133935
376932,0.5313735
370518,0.5316312
371990,0.53235877
365890,0.53301924
369021,0.53396267
377927,0.535052
373070,0.53529245
370709,0.53588074
371083,0.5358895
374777,0.5360911
372891,0.5365462
372767,0.53672594
372329,0.5369262
371983,0.53734463
377371,0.5391197
372345,0.53959817
369597,0.5400296
367223,0.54019487
373435,0.5412352
368996,0.54147
366672,0.54247534
376810,0.5428567
371295,0.5432939
378427,0.5433655
378231,0.54363346
372788,0.543634
376500,0.5436397
371293,0.5437866
377428,0.54399216
367557,0.54440856
369542,0.54483515
365782,0.54497415
370140,0.5452117
367568,0.5462725
369962,0.5471283
367589,0.5481451
371781,0.5481549
372541,0.54937154
370260,0.5495452
371829,0.5501554
367548,0.55250365
373673,0.5531536
376511,0.55320346
367591,0.5540295
370931,0.5546548
366962,0.5546841
366700,0.55513424
370579,0.55531204
374738,0.5555747
377372,0.55590844
368406,0.55671656
374293,0.55744153
368404,0.55750954
371363,0.5579318
374615,0.5591521
368568,0.5591925
377478,0.56039095
366873,0.56090194
367390,0.5613333
367393,0.5616096
368850,0.5621682
377615,0.56284475
377784,0.56422514
370588,0.564342
377186,0.5646066
370580,0.56495285
371984,0.5651123
371992,0.56593233
366976,0.5661675
374926,0.56619626
371614,0.5664307
367221,0.56649333
366247,0.5667778
372339,0.56753814
367302,0.5682334
367232,0.56861395
368835,0.5693429
370925,0.5694733
372792,0.5695716
371091,0.5701152
373260,0.57198
374125,0.5722649
369957,0.5727949
365800,0.5728209
365885,0.57342374
370570,0.57358056
370926,0.5736017
366109,0.5749737
366504,0.5756727
377482,0.57575387
372546,0.576072
369313,0.57666844
376894,0.5768355
375916,0.5774374
369993,0.5776258
371068,0.5790246
368588,0.5796853
375909,0.5797606
369303,0.5802005
366088,0.58056533
367007,0.5815999
367590,0.58289135
367922,0.5836115
366239,0.5841288
365253,0.5849298
376867,0.5853017
369970,0.5853097
366257,0.5855399
374329,0.5862039
374915,0.5867517
366678,0.5874055
378406,0.5876682
372887,0.5878501
366684,0.5881382
378067,0.58846146
370255,0.5897801
367017,0.59012526
369429,0.5905385
368825,0.5918185
366691,0.59230405
374425,0.5934566
375304,0.5945104
368187,0.59451365
378379,0.59543806
372320,0.5956222
365582,0.5965723
375174,0.596933
371283,0.59696716
374713,0.5978855
366973,0.5980356
370749,0.5980827
372164,0.5984749
371649,0.5986431
372351,0.5989745
369321,0.599704
371078,0.5999273
366002,0.5999742
368970,0.6005694
377360,0.6006358
371960,0.6013098
368071,0.60139614
365565,0.60174936
369956,0.6023319
367394,0.60334927
367844,0.6037779
368291,0.6048911
375754,0.6063161
372882,0.6081592
366202,0.6084475
367877,0.6085595
369478,0.6086639
365732,0.6089055
366116,0.6092207
376879,0.60961246
370282,0.61187696
375562,0.6126074
369794,0.61358976
375910,0.6146925
372137,0.61470205
372904,0.6151058
366250,0.61532986
369146,0.61590785
378237,0.6164354
371092,0.6170987
372802,0.6173846
371617,0.6179209
369959,0.61823547
377647,0.6183202
368676,0.61916065
373373,0.6195813
373218,0.6200142
371961,0.6202236
367228,0.6203351
367742,0.6222301
370591,0.6222737
371060,0.62238175
376877,0.6226985
372359,0.6230698
377338,0.623719
375778,0.62372553
372252,0.62388206
366668,0.62456346
375920,0.6249873
369300,0.62499404
368281,0.6251184
375369,0.626494
374734,0.6269149
376446,0.6269293
378078,0.62716657
372247,0.6279977
368863,0.6300097
376502,0.6333335
377791,0.6338934
373182,0.6352304
368041,0.6365989
373991,0.6370096
373971,0.637485
378060,0.6380378
370718,0.6387769
368091,0.64144665
368953,0.64193445
368739,0.64253604
365447,0.64331317
377627,0.64332783
369442,0.6435777
370906,0.6436952
372793,0.6446395
371962,0.64501107
369550,0.6456408
365295,0.6463609
371082,0.64713657
369337,0.64753926
368053,0.6476082
374123,0.6478105
367391,0.6481579
373773,0.6482431
376100,0.64836097
371408,0.6487324
371415,0.64936316
369807,0.64975655
368429,0.6501921
368418,0.6502026
377205,0.65046346
374622,0.65117294
372341,0.65119606
365457,0.65200454
377632,0.6520861
378377,0.65280396
365384,0.65300804
374446,0.6533776
376102,0.65384394
375780,0.6540878
372324,0.6541621
368269,0.6547869
365208,0.6553336
375299,0.65798056
369018,0.6580813
371815,0.65879184
370818,0.65900576
367364,0.6594648
367546,0.659883
370924,0.65997475
377651,0.6602696
369980,0.66078055
377490,0.6608522
369795,0.6612454
369983,0.6626561
376355,0.6635029
378388,0.6636658
367205,0.6642868
371420,0.6645814
371598,0.66590035
370576,0.6676261
371604,0.66884214
373378,0.67054176
376920,0.6711483
371826,0.6723117
370592,0.67328
374824,0.674618
369606,0.67481333
372332,0.6750156
368058,0.6754042
367891,0.67603076
368264,0.6762334
366716,0.6762624
375436,0.6767203
367899,0.67696166
377786,0.67724186
374146,0.6778312
373685,0.6784438
378303,0.68243396
378381,0.6831655
368437,0.683631
367180,0.6838775
368097,0.68411887
377001,0.6848411
370734,0.68585426
372264,0.6860551
372230,0.6871223
371610,0.68773544
373983,0.6879389
366526,0.6885459
366663,0.6886968
377738,0.6896905
367925,0.6897237
365728,0.6905963
370695,0.69074553
373949,0.69083
371265,0.6911827
371404,0.69121116
372131,0.6919777
373344,0.6920893
370909,0.692475
367004,0.6925074
370896,0.69312084
368267,0.6933356
374456,0.6948615
377796,0.694911
376638,0.6958781
372896,0.69653064
368260,0.69700295
375171,0.69819343
373796,0.6984228
367511,0.6991213
369877,0.6992323
367930,0.6994115
371375,0.6996421
366095,0.6997134
375307,0.6997203
375028,0.6998943
367023,0.7000996
369329,0.7002787
371980,0.7008473
366987,0.7014157
376086,0.70252484
375587,0.7028648
374582,0.7034674
371989,0.7042075
366885,0.7046962
377504,0.7050224
366492,0.70563495
373214,0.7057018
367719,0.70573616
377898,0.70581204
369793,0.70611966
372679,0.70653623
370157,0.7070861
367365,0.70758176
368287,0.70770335
376338,0.7090659
361006,0.7091039
371811,0.709218
378187,0.711038
373669,0.71115696
373424,0.7117522
367183,0.7121832
374590,0.71218884
368270,0.71264726
373680,0.7134285
374779,0.71396804
368987,0.71545696
369777,0.7155778
377194,0.7156472
371967,0.71567374
369585,0.7161502
375296,0.7173256
367927,0.7173611
378249,0.7178752
373104,0.7189491
372563,0.719502
375313,0.7198629
371613,0.7202798
369315,0.7203518
374914,0.72076434
374604,0.7212147
367336,0.7214564
375912,0.72430104
375147,0.72515935
369810,0.72582614
369034,0.7259207
378384,0.7264802
368718,0.72785646
374764,0.7280306
374432,0.72837144
365191,0.72884595
377779,0.7293134
365126,0.72972256
368196,0.7299751
376477,0.73014253
378101,0.7314638
369450,0.7320187
376116,0.73302984
371772,0.7331103
366078,0.7333897
369631,0.7336205
372556,0.7348997
375918,0.7351056
371584,0.7354062
378409,0.73583585
369470,0.7385368
367551,0.7387107
365900,0.73996943
365776,0.7399915
372085,0.7400961
377766,0.74061465
372107,0.74203265
372282,0.7428021
376865,0.7428417
367536,0.74284786
365314,0.7435964
375285,0.7438886
374556,0.7441719
373480,0.7445071
377931,0.7445235
365602,0.74496126
367495,0.7449924
368289,0.74568343
370249,0.7462962
366870,0.7462992
373445,0.74630094
365437,0.7466964
374139,0.7470913
367384,0.7475942
371255,0.748149
366107,0.74855834
370545,0.7493907
372534,0.7495947
368973,0.7496456
372125,0.7497592
371597,0.7504956
373106,0.7505868
365594,0.7506797
366098,0.75079566
367566,0.75134975
366263,0.7514893
371105,0.7517188
377618,0.7519167
366100,0.75194913
370929,0.75198394
376233,0.7528949
367400,0.7543984
367910,0.75568163
369476,0.7573526
376243,0.7574027
376486,0.7582288
366101,0.7585886
373928,0.7591464
368256,0.7594162
373447,0.76019126
366860,0.76028126
369588,0.76034266
366804,0.7608242
368433,0.7613867
375599,0.7618585
369586,0.7623655
367522,0.76421547
366974,0.764445
373823,0.7645348
375195,0.764609
371657,0.7646641
365747,0.7651061
376120,0.7664622
373824,0.76675075
368594,0.76820916
371621,0.76856893
370701,0.76965135
375622,0.7698886
365867,0.7711775
374602,0.77189934
367920,0.77230424
372877,0.77311957
371593,0.7731693
372326,0.774353
375908,0.7753832
370103,0.7756006
368402,0.7759198
369180,0.7762824
372103,0.7773513
367898,0.77758
375126,0.7776637
367735,0.7782756
368677,0.7787092
369174,0.77880096
368012,0.7788907
374576,0.7789213
373953,0.7793129
369308,0.77949256
370209,0.7800939
365187,0.7801141
378414,0.7807591
377807,0.78079814
370147,0.7810431
367220,0.78114307
374558,0.78124624
375294,0.7816003
370270,0.78187144
372557,0.78283393
372133,0.7830614
372110,0.7855397
373472,0.78558767
376191,0.78569907
368240,0.7857477
371097,0.787865
372102,0.7891461
372249,0.7896463
366665,0.7902635
372895,0.790665
368403,0.7909713
367214,0.7909908
369549,0.79211533
375857,0.7923673
374905,0.79319006
369006,0.793323
367192,0.7934269
368839,0.7937096
365462,0.7939097
375318,0.79411656
375781,0.7941173
376878,0.7941829
377471,0.79490197
371362,0.7950264
365434,0.79545677
373468,0.79679704
372736,0.7974276
376454,0.7980711
368415,0.79843587
367005,0.7992018
367908,0.79938084
374289,0.80009925
360589,0.8004957
357502,0.8004957
362478,0.8004957
352693,0.8004957
361290,0.8004957
373681,0.80085963
373653,0.8011579
371788,0.80116683
378419,0.80132735
368864,0.80189383
368600,0.8027906
367884,0.8029626
374787,0.8033636
368061,0.80343527
366706,0.8035307
367886,0.8037624
372232,0.8037721
375040,0.8043069
365168,0.804424
366205,0.8054741
376886,0.8072291
367613,0.80858797
372340,0.8096529
366509,0.8098461
367571,0.8099832
378396,0.8105119
371084,0.81051373
372902,0.8106023
365534,0.8106509
378251,0.8109326
369599,0.81119365
378405,0.81131196
375301,0.81154126
370737,0.81181496
376083,0.81186634
372898,0.8132636
373816,0.8152419
368222,0.81626755
365442,0.81644326
371065,0.81730187
370288,0.81751263
368085,0.81812495
368425,0.81832165
371633,0.81832576
368834,0.8185882
375166,0.8187729
373827,0.82026166
373965,0.82045645
374296,0.82072294
377629,0.82107407
365751,0.8212051
373123,0.82128817
372743,0.8214138
367932,0.8214888
367540,0.82195604
374327,0.82298553
366930,0.8230052
368432,0.8234151
369798,0.8234952
366871,0.8243085
366515,0.8243752
369546,0.82452005
375473,0.82503074
375310,0.8259336
366066,0.8263424
372711,0.82727903
377638,0.82769734
370891,0.8277414
368559,0.8280736
367879,0.8283112
371079,0.82895786
372096,0.8291929
376504,0.82960045
373469,0.83048856
373371,0.8305532
376512,0.83175504
369805,0.8317782
372241,0.83238065
375048,0.83241826
371387,0.8328754
375452,0.833862
370164,0.83460796
374927,0.83496374
377183,0.8360331
369487,0.83675075
370257,0.8369112
371281,0.8374317
376832,0.8374831
367753,0.83847785
367711,0.8389634
370573,0.83900094
378083,0.84022474
373984,0.8409878
370910,0.8412261
368720,0.84219253
369004,0.8425993
373258,0.84265554
372331,0.8430982
369804,0.84426796
365167,0.84484607
372323,0.84486425
375924,0.8448877
376323,0.845977
374455,0.8459833
376888,0.84651864
372769,0.84684855
374316,0.84759635
374603,0.8477748
367363,0.8478947
375321,0.84827024
376839,0.84836096
367926,0.8488457
370188,0.8488894
374259,0.84892297
369017,0.8510248
372226,0.85114336
366994,0.85138863
376096,0.85249084
367215,0.85285443
370885,0.8531036
367553,0.85380924
367887,0.854725
366986,0.85490197
370552,0.8556883
373380,0.85612684
373248,0.8563004
369605,0.85639524
369151,0.85655105
368750,0.85698324
375454,0.85822976
369788,0.85840076
375594,0.85916376
368290,0.859262
375284,0.86015856
365324,0.8603112
370251,0.86042273
366865,0.86062336
377713,0.86125207
366844,0.86249095
371228,0.8626932
368230,0.86272943
373428,0.864796
369938,0.8659223
369448,0.8664984
373822,0.8676947
369790,0.86779195
376896,0.8682195
372805,0.86826795
371629,0.8690605
365759,0.8692964
368988,0.8693566
378240,0.8694652
377362,0.87006664
376489,0.87137705
368373,0.87178314
376326,0.87195146
368392,0.87203
368248,0.87204874
366087,0.87225443
367233,0.8722799
371774,0.87229276
376754,0.87251663
370210,0.87288547
371643,0.8732326
375904,0.87411433
368411,0.8745523
377958,0.8745875
366278,0.87482613
365591,0.874946
371819,0.87528676
367408,0.87554234
370246,0.8756983
369987,0.8758461
367561,0.87610364
369178,0.87681717
367173,0.87690413
373963,0.877019
375760,0.8776897
373267,0.8791728
370567,0.88038945
372965,0.88076264
374751,0.8812189
366505,0.8814326
376359,0.88239866
366869,0.88421816
371094,0.8850443
374940,0.88515794
374607,0.88543063
373466,0.88559574
367754,0.8859445
367413,0.8861537
365599,0.88668215
368413,0.8870954
365189,0.8871699
368192,0.8879566
367532,0.888853
366092,0.8893211
366983,0.88932645
365597,0.88936335
370280,0.88957584
377365,0.88960654
368838,0.890056
378054,0.8902199
371088,0.8906792
374581,0.8908076
367699,0.8912164
377901,0.89143884
374739,0.8937289
376876,0.8949277
370565,0.8957833
370584,0.8965754
375896,0.89683926
371778,0.89715946
375037,0.8979416
367740,0.8985773
377735,0.8988519
376350,0.8994708
376912,0.8995826
368569,0.90014285
375922,0.9011967
376112,0.90246063
376234,0.9028506
366650,0.9037212
371813,0.9042428
376993,0.9044421
373515,0.9047258
369274,0.905091
366124,0.9059508
375303,0.90713906
368731,0.90738547
365570,0.90815645
370542,0.9083056
371376,0.90873116
370158,0.9093828
366886,0.90953493
375264,0.90960383
374078,0.90968984
366097,0.90984166
369978,0.9125316
368421,0.912572
374928,0.91259736
375588,0.9129653
366850,0.9135472
367902,0.9135491
375295,0.9147264
370577,0.914842
372554,0.91566473
368604,0.9157425
377331,0.9167014
367189,0.917241
374788,0.9174927
370098,0.9180318
371586,0.91830915
365440,0.91883373
376333,0.9191927
374448,0.9192283
378071,0.91938984
378189,0.91948265
374313,0.9200087
365609,0.9203349
370181,0.92094386
366276,0.92149043
367015,0.92211974
366843,0.92310554
367565,0.92310655
371370,0.923384
374755,0.9271641
366105,0.92717314
365408,0.9272507
369159,0.92753524
375453,0.9277827
368238,0.9289655
371294,0.9290189
368558,0.93025124
370693,0.9306916
371780,0.93094856
370553,0.9314245
373974,0.93142706
367695,0.9314508
366692,0.93273604
372875,0.93378794
371035,0.9338038
373623,0.93434256
369191,0.93509245
370274,0.93533224
369976,0.9359077
372128,0.93722564
375191,0.93728113
369463,0.93752414
376094,0.937629
369942,0.93773687
365783,0.9377681
375903,0.9378017
365607,0.9378267
374912,0.93810266
374931,0.93812877
376680,0.938796
375621,0.9391863
368590,0.9392374
376674,0.94020665
376487,0.94139874
376046,0.94149023
374783,0.942298
368265,0.9430756
366523,0.9432382
368978,0.9434984
369152,0.94454986
370381,0.9451203
376449,0.9463189
368266,0.9467693
372964,0.94773906
365784,0.94833165
369422,0.94915867
366240,0.94942904
371074,0.94946635
374906,0.9525225
374773,0.9529573
371089,0.95312613
376422,0.9532898
370558,0.95344347
365616,0.9543517
368587,0.95435876
370169,0.9543831
372259,0.9544807
376488,0.95468765
377448,0.95510954
376670,0.9554057
370748,0.95570564
366495,0.95682
372673,0.9571442
373658,0.9573274
367338,0.95733756
371378,0.9574345
376328,0.9581788
378306,0.9583412
372815,0.95840293
366058,0.958698
372346,0.9587161
369305,0.9603554
365416,0.9614343
367512,0.9628595
373113,0.9633976
368252,0.9634969
368409,0.9636784
375761,0.96378845
373102,0.96459526
372688,0.9648583
377576,0.96504724
369638,0.96547234
369345,0.96549374
370250,0.96569663
365267,0.9672301
371656,0.96746105
367236,0.9690146
367573,0.96915853
375469,0.9693703
375921,0.96961826
368727,0.9720903
368849,0.9727928
371751,0.972821
375194,0.9728434
374447,0.97370845
368253,0.9741733
365431,0.97491544
370272,0.9753424
368424,0.97553706
367928,0.9755851
373439,0.9760135
368410,0.97699964
365443,0.9776953
367720,0.9778687
375625,0.97792965
368438,0.97805786
367918,0.97860086
374119,0.9788749
367399,0.9797365
374605,0.98035234
365199,0.98045564
375465,0.9805303
371551,0.9816194
376892,0.9817527
368186,0.9821893
373821,0.9828756
371262,0.9833548
376081,0.9835748
369969,0.9850616
371638,0.9854907
368218,0.985828
369817,0.9862196
374465,0.9862247
365740,0.98702794
365608,0.988286
373120,0.98874766
353857,0.98884165
368657,0.9907179
369613,0.9907652
374310,0.9909549
367537,0.9910044
374427,0.9914106
368976,0.99151224
376345,0.9917233
373453,0.9930781
377494,0.99340504
377460,0.99343514
370267,0.993685
376649,0.99401236
377776,0.9940719
368700,0.99426067
366673,0.9943383
377924,0.99504375
369824,0.99612856
377350,0.9964768
371595,0.99651426
371792,0.99710727
368710,0.99969375
372119,0.9999778
